Id,Name,Description,CategoryId,CompanyId,BarcodeNo
2,Fito-Orange/Mango 200Ml,NULL,121,22,
3,Baby Rusks 60G,NULL,14,125,
4,Baby Rusks 100G,NULL,14,125,
6,Bourbon 100G,NULL,14,125,
7,Bran Cracker 240G,NULL,14,125,
8,Cheese Button 170G,NULL,14,125,
9,Cheese Button 215G,NULL,14,125,8'89E+12
10,Cheese Cracker 200G,NULL,14,125,8'89E+12
11,Cheese Cracker 100G,NULL,14,125,8'89E+12
12,Cheese 170G,NULL,14,15,
13,ChocoChip Cookies 100G,NULL,14,125,8'89E+12
14,Choco Cream 400G,NULL,14,125,
15,Chocolate Carols 275G,NULL,14,125,
16,Chocolate Carols 100G,NULL,14,125,
17,Chocolate Cream 100G,NULL,14,125,8'89E+12
18,Chocolate Cream 400G,NULL,14,125,8'89E+12
19,Roundz 100G,NULL,14,125,
20,Chocolate Marie 400G,NULL,14,125,8'89E+12
21,Chocolate Marie 90G,NULL,14,125,8'89E+12
22,Chocolate Puff 100G,NULL,14,125,8'89E+12
23,Chocolate Puff 200G,NULL,14,125,
24,Crunchee Carol 100G,NULL,14,125,
25,Crunchee Carol 275G,NULL,14,125,8'89E+12
26,Custard Cream 100G,NULL,14,125,
27,Digestive 125G,NULL,14,125,4'79E+12
28,Gem 100G,NULL,14,125,
29,Gem 15G Cbl,NULL,14,125,
30,Gift Asst 400G,NULL,14,125,
31,Ginger Biscuit 400G,NULL,14,125,8'89E+12
32,Ginger Biscuit 80G,NULL,14,125,8'89E+12
33,Ginger Zing,NULL,14,125,
34,Glucofit,NULL,14,125,
35,Hawaian Cookies 100G,NULL,14,125,8'89E+12
36,Hawaian Cookies 200G,NULL,14,125,8'89E+12
37,Kalo 90G,NULL,14,125,
38,Karapincha 100G,NULL,14,125,
39,Kome 100G,NULL,14,125,4'79E+12
40,Kome 50G,NULL,14,125,
41,Kurakkan Cracker 100G,NULL,14,125,
42,Lemon Puff 100G,NULL,14,125,8'89E+12
43,Lemon Puff 200G,NULL,14,125,8'89E+12
44,Lite Marie 250G,NULL,14,125,8'89E+12
45,Lite Marie 65G,NULL,0,125,8'89E+12
46,Milk Cream 290G,NULL,14,125,
47,Milk Cream 90G,NULL,14,125,
48,Milk Short Cake 200G,NULL,14,125,
49,Milk Short Cake 85G,NULL,14,125,8'89E+12
50,Milk Shorties 350G,NULL,14,125,8'89E+12
51,Milk Shorties 75G,NULL,14,125,
52,Nice 100G,NULL,14,125,8'89E+12
53,Nice 400G,NULL,14,125,8'89E+12
54,Onion Biscuit 170G,NULL,14,125,8'89E+12
55,Onion Biscuit 250G Tin,NULL,14,125,8'89E+12
56,Rice Rasin Cookies,NULL,14,125,
57,Ringo 300G,NULL,14,125,4'79E+12
58,Ringo 60G,NULL,14,125,
59,Samaposha Biscuit,NULL,14,125,
60,Savoury 20G,NULL,14,125,
61,Savoury Nuts 170G,NULL,14,125,8'89E+12
62,Handy Pack 250G,NULL,14,125,8'89E+12
63,Hndy pack 85g,NULL,14,125,8'89E+12
64,Snack Cracker 100G,NULL,14,125,
65,Snack Cracker 170G,NULL,14,125,
66,Snack Cracker 260G,NULL,14,125,
67,Super Cream Cracker 125G,NULL,14,125,8'89E+12
68,Super Cream Cracker 190G,NULL,14,125,8'89E+12
69,Super Cream Cracker 500G,NULL,14,125,8'89E+12
70,Tea Time Assorted 200G,NULL,14,125,8'89E+12
71,Tifin 125G,NULL,14,125,8'89E+12
72,Tikiri Marie 360G,NULL,14,125,
73,Tikiri Marie 80G,NULL,14,125,8'89E+12
74,Wafer 400G,NULL,14,125,
75,Wafer 85G,NULL,14,125,
76,Lemon / Orange Cream 400G,NULL,14,125,
77,Sun Cracker 95G S&P,NULL,14,125,
78,Shorties 65G,NULL,14,88,
79,Buddy Marie,NULL,14,125,
80,Kothalahimbutu  100G,NULL,14,125,
81,Tifin Onion 125G,NULL,14,125,
82,Stix 20G,NULL,14,125,4'79E+12
83,Stix 55G,NULL,14,125,
84,Stix 100G,NULL,14,125,
86,Bran Cracker 160G,NULL,14,125,
87,Cake Compound 01Kg,NULL,61,201,
88,Potato Cracker,NULL,14,125,
89,Handy Pack 360G,NULL,14,125,
90,Savoury 60G,NULL,14,125,
91,Ginger Biscuit 200G,NULL,14,125,
92,Rounds 300G,NULL,14,125,
93,Little Lion Wafers 100G,NULL,14,55,
94,Wafers Little Lion 100G,NULL,14,55,
95,Baby Rusks Golden Cow 70G,NULL,14,55,
96,Baby Rusks Golden Cow 110G,NULL,14,55,
97,Wafers 18G [Punchi],NULL,14,203,
98,,NULL,14,218,
99,Assorted Cookies 350G,NULL,14,218,
100,Ginger Cookies 240G,NULL,14,218,
101,Chocolate Fingers 16G,NULL,15,125,4'79E+12
102,Chunky Choc Trio 60G,NULL,15,125,4'79E+12
103,Chunky Choc 120G,NULL,15,125,4'79E+12
104,Chunky Choc 200G,NULL,15,125,4'79E+12
105,Choco-Mo 40G,NULL,15,125,4'79E+12
106,Choco-Mo 100G,NULL,15,125,4'79E+12
107,Pebbles 12G Cbl,NULL,15,125,
108,Bubbles 45g,NULL,15,125,4'79E+12
109,Bubbles 100G,NULL,15,88,4'79E+12
110,Revello Fantasy Milk 50G,NULL,15,125,
111,Revello Fantasy Cashew 50G,NULL,15,125,
112,Revello Hazel&Nut 100G,NULL,15,125,
113,Revello Milk 170G,NULL,15,125,
114,Rave/Tropica/Champ/Magic 26G,NULL,15,88,
115,Cake Swissroll200G,NULL,15,125,4'79E+12
116,Chocolate Fingers 28G,NULL,15,125,
117,Chocolate Fingers 40G,NULL,15,125,4'79E+12
118,Chocolate Fingers 85G,NULL,15,88,4'79E+12
119,Chocolate Fingers 130G,NULL,15,125,4'79E+12
120,Chocolate Fingers 200G,NULL,15,125,4'79E+12
121,Pebbles Tube 25G,NULL,15,125,8'89E+12
122,Chocolate 20G Rs:20,NULL,15,34,
123,Chocolate 30G Rs:30,NULL,15,34,
124,Chocolate 50G Rs:50,NULL,15,34,
125,Chocolate 100G Rs:100,NULL,15,125,
126,Revello Fantasy Peanut 50G,NULL,15,125,
127,Revello Fantasy Hazenut 50G,NULL,15,125,
128,Nik-Nak/Chit-Chat 6G,NULL,15,125,
129,Revello Milk 50G,NULL,15,125,4'79E+12
130,Revello Crispies 50G,NULL,15,125,
131,Revello Cashew 50G,NULL,15,125,
132,Revello Milk 100G,NULL,15,125,
133,Revello Crispies 100G,NULL,15,125,
134,Revello Cashew 100G,NULL,15,125,
135,Revello Almond 100G,NULL,15,125,
136,Revello Fruit & Nut 100G,NULL,15,125,
137,Revello Crispies 170G,NULL,15,125,
138,Revello Hazelnut 170G,NULL,15,125,
139,Revello Cashew 170G,NULL,15,125,
140,Revello Almond 170G,NULL,15,125,
141,Revello Fruit & Nut 170G,NULL,15,125,
142,Cooking Chocolate Dark 400G,NULL,15,125,
143,Cooking Chocolate Dark 1.8Kg,NULL,15,125,
144,Chocolate-Duo,NULL,15,125,
145,Cooking Chocolate White 1.8 Kg,NULL,15,125,4'79E+12
146,Rave/Champ/Tropica 13G,NULL,15,125,
147,Revello Dark Chocolate S/F,NULL,15,125,
148,Revello Dark Chocolate,NULL,15,125,
149,Chocolate Five Star,NULL,15,125,
150,Cooking Chocolate Dark 1Kg East-West,NULL,15,30,
151,Drinking-Chocolate-500Gm,NULL,15,30,
152,Chocolate 10G Rs:10,NULL,15,88,
153,Milk Large 160G,NULL,15,34,
154,Kandos Cashewnut 100G,NULL,15,34,4'79E+12
155,Choconut Mini 30G Kandos,NULL,15,34,4'79E+12
156,Choconut Small 50G Kandos,NULL,15,34,4'79E+12
157,Choconut Large 90G Kandos,NULL,15,34,
158,Choco Buddy 5G Kandos,NULL,15,34,
159,Bar Chocolate 45G Kandos,NULL,15,34,
160,Kandos Bar Chocolate 20G,NULL,15,34,
161,21 Collection Milk 200G Kandos,NULL,15,34,
162,21 Colle.Hazel Nut 200G Kandos,NULL,15,34,
163,21 Colle.Fruit& Nut 200G Kandos,NULL,15,34,
164,Promises Mini 120G Kandos,NULL,15,34,
165,Surpsise 160G Kandos,NULL,15,34,
166,Bar Chocolate Cashew Kandos,NULL,15,34,
167,Cracker Jack 45G,NULL,15,34,
168,Bar Milk Chocolate 45G,NULL,15,34,4'79E+12
169,21 Colln.Cashew Nut Milk Chocolate,NULL,15,34,4'79E+12
170,Chocolate 37G Rs:40,NULL,15,34,
171,Katch Ate 30G,NULL,15,34,
172,Cooking Chocolate G-B 1Kg,NULL,15,34,
173,Cooking Chocolate G-A 200G,NULL,15,34,
174,Super Blend 160G,NULL,15,34,
175,Choco Peanut 25G,NULL,15,34,
176,Cooking Chocolate A 1Kg,NULL,15,34,
177,Kandos Cashewnut 45G,NULL,15,34,4'79E+12
178,Chocolate S/L Milk,NULL,15,34,
179,Chocolate S/L Fruit & Nut,NULL,15,34,
180,Kandos Cashewnut 160G,NULL,15,34,4'79E+12
181,Mars Bars Chocolate33G,NULL,15,34,
182,Gram Multta (250G),NULL,15,34,
183,Chocolate Cocoa Dark,NULL,15,34,4'79E+12
184,Bar Chocolate White Cream,NULL,15,34,
185,Chocolate Bunty,NULL,15,34,
186,Chocolate Sugar Free,NULL,15,34,
187,Polo,NULL,15,100,
188,Mars Chocolate 18G,NULL,15,23,
189,Kitkat (L) 41.5G,NULL,15,117,
190,Kitkat(S) 20.5G,NULL,15,117,
191,Kinder Joy,NULL,15,192,
192,Chicken-Full,NULL,16,166,
193,Chicken-Breast,NULL,16,166,
194,Chicken-Thigh,NULL,16,166,
195,Chicken-Back Quarter,NULL,16,166,
196,Chicken-Drumstick,NULL,16,166,
197,Mutton Cubed,NULL,16,30,
198,Chicken Stock Powder 100G,NULL,16,107,
199,Lifebuoy 50G,NULL,17,123,
200,Lux 100G,NULL,17,123,
201,Vim 100G,NULL,17,123,
202,Vim 200G,NULL,17,123,
203,Vim 400G,NULL,17,123,
204,Vim Prom 100G*3,NULL,17,123,
205,Baby Soap 75G Pears,NULL,17,123,
206,Sunlight 120G*3,NULL,17,123,
207,Sunlight 120G,NULL,17,123,
208,Wonderlight 120G Unilever,NULL,17,123,
209,Baby Soap 75*5 Pears,NULL,17,123,
210,Wonderlight Bar 650G Unilever,NULL,17,123,
211,Lifebuoy Care /Lemon fresh,NULL,17,123,
212,Lux Body wash 240Ml,NULL,17,8,
213,Lifebuoy 1*4 Save Rs.40/,NULL,17,123,
214,Sal Bar Soap 700G Harischandra,NULL,17,26,
215,Dettol Soap 70G,NULL,17,36,
216,Baby Soap 75G Cheramy,NULL,17,172,
217,Velvet Soap,NULL,17,172,
218,Baby Soap 75*5 Cheramy,NULL,17,172,
219,Velvet Soap 100G,NULL,17,172,
220,Lakbar Soap 650G,NULL,17,154,
221,Khomba Hotel Soap 20G,NULL,17,154,
222,Rani Soap 100G,NULL,17,154,
223,Lakbar 300G,NULL,17,154,
224,Khomba Soup 70G,NULL,17,154,
225,Khomba Soap 70G N,NULL,17,154,
226,Kekulu Soap 70G,NULL,17,180,
227,Visaka Soap 75G,NULL,17,122,
228,Venirel 80G Vendol,NULL,17,182,
229,Rin 200G,NULL,18,123,
230,Rin 500G,NULL,18,123,
231,Rin 1Kg,NULL,18,123,
232,Surf Excel Matic 1Kg,NULL,18,123,
233,Vim Powder 650G,NULL,18,123,
234,Sunlight Powder 70G,NULL,18,123,
235,Sunlight Powder 200G,NULL,18,123,
236,Sunlight Powder 400G,NULL,18,123,
237,Sunlight Powder 1Kg,NULL,18,123,
238,Rin 25G,NULL,18,123,
239,Surf Excel Matic 500G,NULL,18,123,
240,Surf Excel 20G,NULL,18,123,
241,Surf Excel  60G,NULL,18,123,
242,Surf Excel  150G,NULL,18,123,
243,Surf Excel  300G,NULL,18,123,
244,Surf Excel  500G,NULL,18,123,
245,Surf Excel  1Kg,NULL,18,123,
246,Surf Excel  2Kg,NULL,18,123,
247,Surf Excel  80G,NULL,18,123,
248,Surf Excel 30G,NULL,18,123,
249,Diva Detergent Powder 1Kg,NULL,18,172,
250,Diva Detergent Powder  400G,NULL,18,172,
251,Baby Wash Powder Cheramy,NULL,18,172,
252,Harpic Bowl Cleaner 50G,NULL,18,187,
253,Tea Bag Ceylonta 50g,NULL,19,123,
254,Tea Bag Lipton 50g,NULL,19,123,
255,Tea Laojee 50g,NULL,19,8,
256,Green Tea Bag Lipton 1.7g,NULL,19,8,
257,Tea Bag Ceylonta Box 100,,19,123,
258,Tea Laojee 100g,NULL,19,123,
259,Tea Laojee 200G,NULL,19,123,
260,Tea Ceylonta 50g,NULL,19,123,
261,Tea Bag Lipton 100,NULL,19,123,
262,Tea Bag Kotagala 25,NULL,19,123,
263,Tea Bag Jones,NULL,19,130,
264,Tea Bag Pcbt,NULL,19,130,
265,Tea Pushpa,NULL,19,191,
266,Green Tea Pushpa 100G,NULL,19,191,
267,Tea Talawakelle,NULL,19,191,
268,TEA WATAWALA 100G,NULL,19,191,
269,Tea Bop Talawakelle,NULL,19,191,
270,Green Tea Paradise 75G,NULL,19,191,
271,Tea B.O.P.F Pushpa,NULL,19,191,
272,TEA WATAWALA 55G,NULL,19,134,
273,Tea Kotagala 400G,NULL,19,134,
274,Tea Kotagala,NULL,19,134,
275,Tea Bag Zasha 100Bag,NULL,19,16,
276,Tea Bag Wishdam 100Bag,NULL,19,16,
277,Tea Bag Cinnamon,NULL,19,16,
278,Sunsilk 80ML,NULL,20,123,
279,Sunsilk Co-Creations 80Ml,NULL,20,123,
280,Lifebuoy Shampoo 90Ml,NULL,20,123,
281,Clear Ice Cool 90Ml,NULL,20,123,
282,Clear Women 90Ml,NULL,20,123,
283,Lifebuoy Shampoo (Health) 90ML,NULL,20,123,
284,Lifebuoy Shampoo 90ML,NULL,20,123,
285,Lifebuoy 5Ml,NULL,20,123,
286,Sunsilk 180Ml,NULL,20,123,
287,Clear Men 90Ml,NULL,20,123,
288,Dove 80Ml Intense Repair,NULL,20,123,
289,Clear Shampoo 6.5Ml,NULL,20,123,
290,Sunsilk 6Ml,NULL,20,123,
291,Sunsilk Conditioner 80Ml,NULL,20,123,
292,Dove 6Ml,NULL,20,123,
293,Dove 80Ml Daily Shine,NULL,20,123,
294,Dove 80Ml Hair fall,NULL,20,123,
295,Baby Shampoo 120Ml Pears,NULL,20,123,
296,Sunsilk Perfect Straight,NULL,20,123,
297,Dove Hair fall/ Irt Conditioner 80Ml,NULL,20,123,
298,Dove Shampoo Hair Therapy,NULL,20,123,
299,Dove Conditioner,NULL,20,123,
300,Clear Ice Cool/Complete 170Ml,NULL,20,123,
301,Dove Shampoo 180Ml,NULL,20,123,
302,Lifebuoy Shampoo 175Ml,NULL,20,123,
303,Sunsilk Conditioner 80Ml,NULL,20,123,
304,Lifebuoy Shampoo 5Ml N,NULL,20,123,
305,Head & Shoulder 70Ml,NULL,20,52,
306,Pantene Shampoo 70G,NULL,20,52,
307,Pantene Shampoo 170G,NULL,20,52,
308,Chick Shampoo 90Ml,NULL,20,60,
309,Meera 80Ml Delmege,NULL,20,60,
310,Kumarika Shampoo 6.5Ml,NULL,20,172,
311,Kumarika Shampoo 100Ml,NULL,20,172,
312,Baby Shampoo 100Ml Cheramy,NULL,20,172,
313,Dandex Family Shampoo 100Ml,NULL,20,172,
314,Dandex Family Shampoo 200Ml,NULL,20,172,
315,Dandex Plus Shampoo 200Ml,NULL,20,172,
316,Dandex Plus Shampoo 100Ml,NULL,20,172,
317,Clean & Clear 500Ml,NULL,20,172,
318,Domex 6Ml,NULL,20,172,
319,Dandex 6.5Ml,NULL,20,172,
320,Meera Hair Wash Powder 120G,NULL,20,172,
321,Pantene F/N/L 170Ml,NULL,20,178,
322,Pantene A/D 70Ml,NULL,20,178,
323,Pantene Shampoo Hfc 340Ml,NULL,20,179,
324,Baby Bath 200Ml Johnson's,NULL,20,192,
325,Tooth Brush(Signal Fighter),NULL,21,123,
326,Tooth Brush Junior (Signal),NULL,21,123,
327,Tooth Brush 1*2 Pro(Signal),NULL,21,123,
328,Tooth Brush Clogard,NULL,21,123,
329,Tooth Brush(Signal Trcl),NULL,21,123,
330,Tooth Brush Chooty Clogard,NULL,21,172,
331,Tooth Brush (Danta),NULL,21,178,
332,Signal 160G,NULL,22,123,
333,Signal 70G,NULL,22,123,
334,Closeup 120G,NULL,22,123,
335,Closeup 40G,NULL,22,123,
336,Signal 120G,NULL,22,123,
337,Signal 40G,NULL,22,123,
338,Closeup 80G,NULL,22,123,
339,Signal 70G (Herbal),NULL,22,123,
340,Signal 40G (Herbal),NULL,22,123,
341,Signal 160G (Herbal),NULL,22,123,
342,Clogard Mouthwash 200Ml,NULL,22,172,
343,Clogard Tooth Paste 40G,NULL,22,172,
344,Clogard Tooth Paste 200G,NULL,22,172,
345,Clogard Tooth Gel 40G,NULL,22,172,
346,Clogard Tooth Paste 120G,NULL,22,172,
347,Clogard Tooth Paste 70G,NULL,22,172,
348,Clogard Tooth Paste,NULL,22,172,
349,Clogard Tooth Paste 120G Fbg,NULL,22,172,
350,Sudantha 45G,NULL,22,110,
351,Sudantha 80G,NULL,22,110,
352,Sudantha 120G,NULL,22,110,
353,Sensodyne 50G,NULL,22,179,
354,Supirivicky 40G,NULL,22,180,
355,Supirivicky 70G,NULL,22,180,
356,Supirivicky 110G,NULL,22,180,
357,Colgate 80G,NULL,22,219,
358,Sausages 1Kg Prima,NULL,23,78,
359,Sausages Chicken Bockwurst 1Kg Prima,NULL,23,78,
360,Prima Sausages 500G,NULL,23,78,
361,Sausages 440G Prima,NULL,23,78,
362,Sausages Chicken Bockwurst 1Kg,NULL,23,30,
363,Sausages  150G Keells Chicken,NULL,23,5,
364,Sausages 80G Keells Chicken,NULL,23,5,
367,Sausages 250G Keells Chicken,NULL,23,5,
369,Sausages Chicken Party Keels 500G,NULL,23,5,
370,Sausages Chicken Party Keels 500G,NULL,23,5,
376,Jam Mixed Fruit 15G Edinbrough,NULL,24,167,
377,Jam Mixed Fruit 1.4Kg Edinbrough,NULL,24,167,
378,Jam Strawberry 1.4Kg Edinbrough,NULL,24,167,
379,Jam Pineapple 1.4KgEdinbrough,NULL,24,167,
380,Jam Wood apple 1.4Kg Edi,NULL,24,167,
381,Jam Orange Marmalade 450G Edinbrough,NULL,24,167,
382,Jam Orange Marmalade 15G Edinbrough,NULL,24,167,
383,Jam Strawberry 15G Edinbrough,NULL,24,167,
384,Jam Mango 1.4Kg Edinbrough,NULL,24,167,
385,Kithul Treacle 340Ml Kist,NULL,24,117,
386,Kithul Treacle 740Ml Kist,NULL,24,117,
387,Jam Mixed Fruit 200G Kist,NULL,24,117,
388,Jam Strawberry Melon 510G Kist,NULL,24,117,
389,Jam Pineapple 510G Kist,NULL,24,117,
390,Jam Mango 510G Kist,NULL,24,117,
391,Jam Wood apple 200G Kist,NULL,24,117,
392,Jam Strawberry Flv Melon 200G Kist,NULL,24,117,
393,Jam wood apple 510G Kist,NULL,24,24,
394,Jam Strawberry 200G Kist,NULL,24,117,
395,Jam Strawberry Real 310G Kist,NULL,24,117,
396,Jam Mixed Fruit 510G Kist,NULL,24,117,
397,Jam Mixed Fruit MD,NULL,24,117,
398,Jam Strawberry Real 485G MD,NULL,24,117,
399,Jam Cup Mixed & Strawberry,NULL,24,117,
400,Jam Mango 485G MD,NULL,24,184,
401,Jam Mixed Fruit 485G  MD,NULL,24,184,
402,Jam Orange Marmalade 485G MD,NULL,24,184,
403,Jam Real Strawberry 485G MD,NULL,24,184,
404,Jam Passion Fruit 485G MD,NULL,24,184,
405,Jam Pineapple 485G MD,NULL,24,184,
406,Jam Strawberry 485G MD,NULL,24,184,
407,Jam wood apple 485G MD,NULL,24,184,
408,Jam Mixed Fruit 225G MD,NULL,24,184,
409,Jam Mango 225G MD,NULL,24,184,
410,Jam Pineapple 225G MD,NULL,24,184,
411,Jam Strawberry Melon 225G MD,NULL,24,184,
412,Jam wood apple 225G MD,NULL,24,184,
413,Jam Strawberry Real Fruit 310G MD,NULL,24,184,
414,Jam wood apple 895G MD,NULL,24,184,
415,Low Sugar Jam Mango MD,NULL,24,184,
416,Jam Strawberry 895G MD,NULL,24,184,
417,Jam Passion 485G,NULL,24,184,
418,Artificial Vinegar 750Ml,NULL,25,167,
419,Coconut Vinegar 750Ml,NULL,25,167,
420,Artificial Vinegar 4L,NULL,25,167,
421,Apple Vinegar,NULL,25,167,
422,Artificial Vinegar 350Ml,NULL,25,167,
423,White Vinegar 473Ml,NULL,25,167,
424,Coconut Vinegar 325Ml,NULL,25,153,
425,Jelly Strawberry 500G Edinbrough,NULL,26,167,
426,Jelly Apple 500G Edinbrough,NULL,26,167,
427,Jelly Orange 500G Edinbrough,NULL,26,167,
428,Jelly Pineapple 500G Edinbrough,NULL,26,167,
429,Jelly Blackcurrant 500G Edinbrough,NULL,26,167,
430,Gelatin 500G,NULL,26,167,
431,Jelly 100G Strawberry Delmege,NULL,26,60,
432,Jelly 100G Others Delmege,NULL,26,60,
433,Jelly Cool Out 100G Delmege,NULL,26,60,
434,Jelly Quickset 100G,NULL,26,60,
435,Jelly Bunty,NULL,26,60,
436,Jelly St/Other 100G MD,NULL,26,184,
437,Curd 500Ml Rich Life,NULL,27,168,
438,Curd 1L Rich Life,NULL,27,168,
439,Curd Kothmale 1L,NULL,27,31,
440,Highland Curd 500Ml,NULL,27,76,
441,Highland Curd 1L,NULL,27,76,
442,Curd Creamy 1L,NULL,27,199,
443,Ice-Cream Chocolate 2L,NULL,28,54,
444,Ice-Cream Strawberry 2L,NULL,28,54,
445,Ice-Cream Vanilla 4L,NULL,28,54,
446,Ice-Cream Wonder Bar 60Ml,NULL,28,54,
447,Ice-Cream Faluda 60Ml,NULL,28,54,
448,Ice-Cream Fruit & Nut 1L,NULL,28,54,
449,Ice-Cream Hakuru Mix 1L,NULL,28,54,
450,Ice-Cream Vanilla 2L,NULL,28,54,
451,Ice-Cream Vanilla Cup 80Ml,NULL,28,54,
452,Ice-Cream Fruit & Nut 80Ml,NULL,28,54,
453,Ice-Cream Pani Kadju 80Ml,NULL,28,1,
454,Ice-Cream Vanilla 1L,NULL,28,54,
455,Ice-Cream Fruit & Nut 2L,NULL,28,54,
456,Ice-Cream Necto 60Ml,NULL,28,54,
457,Ice-Cream Vanilla 500Ml,NULL,28,54,
458,Ice-Cream Chocolate 500Ml,NULL,28,54,
459,Ice-Cream Strawberry 500Ml,NULL,28,54,
460,Ice-Cream Fruit & Nut 500Ml,NULL,28,54,
461,Ice-Cream Wonder Cone imorch,NULL,28,54,
462,Ice-Cream Chocolate 1L,NULL,28,54,
463,Ice-Cream Strawberry 1L,NULL,28,54,
464,Ice-Cream Double Delight 1L,NULL,28,54,
465,Ice-Cream Kiri Pani 2L,NULL,28,54,
466,Ice-Cream Karathakolomba 1L,NULL,28,54,
467,Ice-Cream Twist 1L,NULL,28,54,
468,Ice-Cream Jelly Cup,NULL,28,54,
469,Ice-Cream Chocolate Cup,NULL,28,54,
470,Ice-Cream Mango Cup,NULL,28,54,
471,Highland Ice Cream 2L,NULL,28,76,
472,Ice-Cream Wonder Cone Vanilla chocolate,NULL,28,1,
473,Ice-Wattalappam,NULL,28,54,
474,Ice-Cream Sword 73Ml,NULL,28,54,
475,Ice-Cream Wonder Crunch,NULL,28,54,
476,Low Sugar Jam wood apple 330G MD,NULL,28,184,
477,Highland Ice Cream 4L,NULL,28,76,
478,Ice-Cream Rs:10.00,NULL,28,140,
479,Yoghurt 80G Richi,NULL,29,168,
480,Yoghurt 80G Newdale,NULL,29,15,
481,Yoghurt Drink 200Ml,NULL,29,11,
482,Yoghurt 80G Ambewela Set,NULL,29,29,
483,Yoghurt Highland,NULL,29,76,
484,Yoghurt 1L,NULL,29,199,
485,Bulb Clear 25W,NULL,30,52,
486,Bulb Clear 40W,NULL,30,52,
487,Bulb Clear 60W,NULL,30,52,
488,Bulb Clear 75W,NULL,30,52,
489,Bulb Clear 100W,NULL,30,52,
490,Led Orange 12.5W Pin,NULL,30,207,
491,Led 10W,NULL,30,52,
492,Led Philips 7W Pin,NULL,30,52,
493,Led Philips 2.5W,NULL,30,52,
494,Hayeys Tornado 5W,NULL,30,52,
495,Hayley's Tornado  8W,NULL,30,52,
496,Hayley's Tornado  15W,NULL,30,52,
497,Hayley's Tornado 20W,NULL,30,52,
498,Hayley's Tornado  24W,NULL,30,52,
499,CFL Philips 11W Pin,NULL,30,52,
500,CFL Philips 14W,NULL,30,52,
501,CFL Philips 12W Spiral Pin,NULL,30,52,
502,CFL Philips 15W Spiral Pin,NULL,30,52,
503,CFL Philips 20W Spiral Pin,NULL,30,52,
504,CFL Philips 24W Spiral Pin,NULL,30,52,
505,CFL Philips 8W Pin,NULL,30,52,
506,CFL 7W  Spiral Thread,NULL,30,207,
507,Led Philips 9W Thread,NULL,30,52,
508,Led 10.5W,NULL,30,52,
509,Led Philips 4W Pin,NULL,30,52,
510,Led Orange 9W Pin,NULL,30,207,
511,Led 12W,NULL,30,52,
512,Led Orange 7W Pin,NULL,30,207,
513,CFL Philips 5W Pin,NULL,30,52,
514,CFL Philips 8W Screw,NULL,30,52,
515,CFL Philips 8W (U) S/Screw,NULL,30,52,
516,Bulb Hybrid,NULL,30,52,
517,CFL Orange 5W Spiral Pin,NULL,30,207,
518,CFL Orange 15W Spiral Thread,NULL,30,207,
519,CFL Orange 11W Spiral Thread,NULL,30,207,
520,CFL Orange 20W Spiral Pin,NULL,30,207,
521,Led Philips 4W Screw,NULL,30,52,
522,Norwa 40W,NULL,30,207,
523,CFL Orange 5W Pin (U),NULL,30,207,
524,CFL Orange 5W Screw,NULL,30,207,
525,CFL Orange 15W Pin U,NULL,30,207,
526,CFL 65W,NULL,30,207,
527,CFL Orange 11W Screw,NULL,30,207,
528,CFL Orange 9W Screw,NULL,30,207,
529,CFL Orange 7W Screw,NULL,30,207,
530,CFL Orange 11W Spiral Pin,NULL,30,207,
531,CFL Orange 15W Screw,NULL,30,207,
532,CFL Orange 20W Screw,NULL,30,207,
533,CFL Orange 23W Spiral Pin,NULL,30,207,
534,CFL Orange 23W Spiral Thread,NULL,30,207,
535,Tiri(Wick)-S,NULL,31,195,
536,Tiri(Wick)-L,NULL,31,195,
537,Melko 400G,NULL,32,91,
538,Maliban 1Kg,NULL,32,91,
539,Maliban  400G,NULL,32,91,
540,Maliban Foil Pack 150G,NULL,32,91,
541,Maliban Hi-Calcium  400G,NULL,32,91,
542,Anchor Milk Powder 1Kg,NULL,32,15,
543,Ratthi Milk Powder 1Kg,NULL,32,15,
544,Anchor Milk Powder 250G,NULL,32,15,
545,Anchor Milk Powder 400G,NULL,32,15,
546,Ratthi Milk Powder 400G,NULL,32,15,
547,Ratthi Milk Powder 250G,NULL,32,15,
548,Anchor Pedia Pri (1-2)400G,NULL,32,15,
549,Anchor Pedia Pro (1-2) 200G,NULL,32,15,
550,Anchor Pedia Pro (2-5) 400G,NULL,32,15,
551,Anlene 400G,NULL,32,15,
552,Anlene 200G,NULL,32,15,
553,Anchor Milk Powder 75G,NULL,32,15,
554,Anchor Non Fat Milk Powder 400G,NULL,32,15,
555,Ratthi Milk Powder 70G,NULL,32,15,
556,Ratthi Milk Powder 160G,NULL,32,15,
557,Anchor Pedia Pro (2-5) 200G,NULL,32,15,
558,Anchor (1-5) Milk Powder 400G,NULL,32,15,
559,Anchor 1+ Milk Powder 400G,NULL,32,15,
560,Anchor Milk Powder 18G,NULL,32,15,
561,Ratthi 18G,NULL,32,15,
562,Milo Sachet 15G,NULL,32,100,
563,Nestomalt 28G,NULL,32,100,
564,Nestea Sachet,NULL,32,100,
565,Lactogen 3,NULL,32,100,
566,Lactogen 2,NULL,32,100,
567,Nestomalt 400G,NULL,32,100,
568,Milo 400G,NULL,32,100,
569,Nespray 1Kg,NULL,32,100,
570,Nespray 1Kg,NULL,32,100,
571,Nespray 18G,NULL,32,100,
572,Milo 200G,NULL,32,100,
573,Nestomalt 200G,NULL,32,100,
574,Nespray 400G,NULL,32,100,
575,Lactogen 1,NULL,32,100,
576,Nestomalt 400G Tin,NULL,32,100,
577,Cow & Gat 400G,NULL,32,178,
578,Horlicks 400Jar,NULL,32,179,
579,Viva 400Jar,NULL,32,250,
580,Horlicks (Packit) 400G,NULL,32,179,
581,Viva 400G,NULL,32,250,
582,Viva 28G,NULL,32,250,
583,Horlicks 27G,NULL,32,179,
584,Lakspray 1Kg,NULL,32,11,
585,Lakspray 250G,NULL,32,11,
586,Lakspray 400G,NULL,32,11,
587,Bonlac Milk 400G,NULL,32,117,
588,Bonlac Milk 1Kg,NULL,32,117,
589,Bournvita 500G,NULL,32,117,
590,Highland Milk Powder 400G,NULL,32,76,
591,Highland Milk Powder  01Kg,NULL,32,76,
592,Sustagen 400G Baurs,NULL,32,185,
593,Boost,NULL,32,192,
594,Prima Kottumee (Cup Noodles) 75G,NULL,33,78,
595,Prima Toppz 89G,NULL,33,78,
596,Prima Special Noodles 345G,NULL,33,78,
597,Kottumee 80G,NULL,33,78,
598,Topise 80G,NULL,33,78,
599,Kottumee Cup 75G,NULL,33,78,
600,Noodles Toppz,NULL,33,78,
601,Macaroni Penne 500G,NULL,33,30,
602,Macaroni Elbow 500G,NULL,33,30,
603,Macaroni Fusilli 500G,NULL,33,30,
604,Spaghetti 500G East-West,NULL,33,30,
605,Noodles 5kg Peacock,NULL,33,30,
606,Spaghetti (400G),NULL,33,30,
607,Noodles Special  400G,NULL,33,26,
608,Noodles Plain 400G Haris,NULL,33,26,
609,Noodles Kurakkan 400G Haris,NULL,33,26,
610,Maggi Noodles Pr 78G*5,NULL,33,100,
611,Maggi Deviled Kottu/Chili,NULL,33,100,
612,Maggi Deviled Chilli 84G,NULL,33,100,
613,Maggi Noodles Family Pack,NULL,33,100,
614,Noodles MDK 250G,NULL,33,171,
615,Noodles 400G Maya,NULL,33,153,
616,Macaroni Maya 350G,NULL,33,153,
617,Macaroni Maya 1Kg,NULL,33,153,
618,Noodles Deveni Batha 350G Raigam,NULL,33,174,
619,Noodles 5Kg Rekha Jumbo,NULL,33,6,
620,Noodles 500G,NULL,33,6,
621,Macaroni 1Kg,NULL,33,191,
622,Lime Mate 650Ml,NULL,34,167,
624,Lime Mate 200Ml,NULL,34,167,
625,Tom Yam Paste,NULL,35,232,
626,Chili Paste 325G Edinbrough,NULL,35,167,
627,Mustard Cream 350G,NULL,35,167,
628,Tomato Puree 370G,NULL,35,167,
629,Mustard Cream 695G,NULL,35,167,
630,Chili Paste 1Kg Edinb0Rough,NULL,35,167,
631,Chili Paste 150G Edinbrough,NULL,35,167,
632,Almond Paste-2.5Kg,NULL,35,30,
633,Miso Mikochan (Soya Bean Paste),NULL,35,30,
634,Tomato Paste 250G,NULL,35,101,
635,Ginger Paste MDK 225G,NULL,35,184,
636,Garlic Paste 250G,NULL,35,184,
637,Ginger Preserve,NULL,35,184,
638,Biriyani Mix 350G,NULL,35,134,
639,Yellow Rice Paste 50G,NULL,35,107,
640,Devilled Paste 60G,NULL,35,107,
641,Chicken Curry Paste 50G,NULL,35,107,
642,B.B.Q Seasoning 50G,NULL,35,107,
643,Jaffna Curry Paste 60G,NULL,35,107,
644,Rasam Cream 60G Nikado,NULL,35,211,
645,Coca-Cola 1Ml Pet,NULL,37,85,
646,Sprite 1Ml,NULL,37,85,
647,Fanta 500Ml Pet,NULL,37,22,
648,Coca-Cola 2L Pet,NULL,37,85,
649,Sprite 2L,NULL,37,22,
650,Cream Soda 500Ml Pet C,NULL,37,22,
651,Soda 500Ml Pet Coco-Cola Beverages,NULL,37,22,
652,Soda 2L Pet Coco-Cola Beverages,NULL,37,22,
653,Fanta 2L Pet,NULL,37,85,
654,Mountain Dew,NULL,37,22,
655,Coca-Cola 400Ml Pet,NULL,37,3,
656,Sprite 400Ml,NULL,37,85,
657,Fanta 400Ml Pet,NULL,37,85,
658,Pepsi 2L,NULL,37,22,
659,Sprite 1.5 ML,NULL,37,85,
660,Fanta Orange 750Ml,NULL,37,22,
661,Orange Crush /Orange Barley 1.5L P/E/H,NULL,37,42,
662,Cream Soda 1.5L Pet,NULL,37,42,
663,Necto 1.5L Pet,NULL,37,42,
664,Soda 1.5L Pet Elephant House,NULL,37,42,
665,Cream Soda 500Ml Pet E,NULL,37,42,
666,Necto 500Ml Pet,NULL,37,42,
667,Soda 500Ml Pet  Elephant House,NULL,37,42,
668,Ginger Beer 500Ml Pet,NULL,37,42,
669,Ginger Ale 500Ml Pet,NULL,37,42,
670,Tonic 500Ml,NULL,37,42,
671,Elephant House Ginger Beer 500Ml Pet,NULL,37,54,
672,Ginger Beer 1.5L Pet,NULL,37,54,
673,Kik Cola 1L Pet,NULL,37,42,
674,Necto 1L Pet,NULL,37,42,
675,Orange Crush 1L,NULL,37,42,
676,Ginger Beer 400Ml Pet,NULL,37,54,
677,Mountain Dew,NULL,37,54,
678,Orange Crush 500Ml,NULL,37,42,
679,Kik Cola 1.5Ml,NULL,37,54,
680,Ginger Beer 1L,NULL,37,42,
681,Mirinda 300Ml,NULL,37,54,
682,7Up 300Ml,NULL,37,54,
683,Cream Soda 300Ml,NULL,37,54,
684,Zingo 300Ml,NULL,37,54,
685,Pepsi 500Ml,NULL,37,54,
686,Mirinda 500Ml,NULL,37,54,
687,7Up 500Ml,NULL,37,54,
688,7Up 2L,NULL,37,54,
689,Mirinda 2L,NULL,37,54,
690,Shopping Bags Badi,NULL,38,173,
691,Shopping Bags Medium,NULL,38,173,
692,Shopping Bags Large,NULL,38,173,
693,Shopping Bags Jumbo,NULL,38,173,
694,Shopping Bags King Jumbo,NULL,38,173,
695,Lunch Sheet,NULL,38,173,
696,Grocery 7*10,NULL,38,173,
697,Grocery 5*7,NULL,38,173,
698,Grocery 9*12,NULL,38,173,
699,Potato Bag,NULL,38,173,
700,Garbage Bag S,NULL,38,50,
701,Garbage Bag M,NULL,38,50,
702,Garbage Bag L,NULL,38,50,
703,Garbage Bag Exl,NULL,38,50,
704,Mt Bag,NULL,38,191,
705,Brown Bag (S),NULL,39,173,
706,Brown Bag (L),NULL,39,173,
707,Orbit 5.5G,NULL,41,52,
708,Kandos Delta Milk (100 Pcs),NULL,41,34,
709,Delta Toffee,NULL,41,34,
710,Bubble Gum (Rs:3),NULL,41,34,
711,Bubble Gum (Rs:2),NULL,41,34,
712,Hacks Toffee,NULL,41,178,
713,Candyman Toffee,NULL,41,178,
714,Lollypop Rs:05,NULL,41,117,
715,Lollypop Rs:10.00,NULL,41,117,
716,Toffees Rs:1,NULL,41,38,
717,Toffees Rs:2,NULL,41,38,
718,Jujubes 75G,NULL,41,203,
719,Jujubes 40G,NULL,41,203,
720,Jujubes Bottle,NULL,41,191,
721,Peppermint 18G,NULL,41,203,
722,Peppermint 30G,NULL,41,203,
723,Peppermint 12G,NULL,41,203,
724,Jujubes 70G,NULL,41,203,
725,Cheese 1*44 Anchor,NULL,42,15,
726,Chees 176(S) Anchor,NULL,42,15,
727,Cheese (28) Anchor,NULL,42,15,
728,Cheese Slices (8 Pieces) 150G,NULL,42,23,
729,Cheese Slices (60 Pieces) 800G,NULL,42,23,
730,Cheese Slices (10 Pieces) 200G,NULL,42,169,
731,Cheese Feta 200g,NULL,42,169,
732,Cheese Happy Cow,NULL,42,11,
733,Cheese Cheddar 250G Kraft,NULL,42,117,7'64E+12
734,Cheese Milca 200G,NULL,42,117,
735,Cheese Spread 240G,NULL,42,117,
736,Cheese Kraft,NULL,42,117,
737,Cheese Chaddar Tin  160G,NULL,42,117,
738,Cheese Ball - Red,Cheese Ball - Red,42,29,
739,Cheese Gouda (Block Cheese),NULL,42,29,
740,Cheese Pamastern,NULL,42,29,
741,Paneer 200G,NULL,42,137,
742,Cheese Mozzarella 200G,NULL,42,167,
743,O-Kay 15G,NULL,43,125,4'79219E+12
744,Rolla 30G,NULL,43,125,4'79219E+12
745,Ah-Ha 20G,NULL,43,125,
746,O-La 13G,NULL,43,125,
747,Cake 220G (Butter Sponge),NULL,43,125,
748,Layer Cake 480G,NULL,43,88,
749,Cake Choco-Log,NULL,43,125,
750,Cake Delight,NULL,43,125,
751,Tiara  310g  (cake),NULL,43,125,4'79E+12
752,Little Lion Little Madeira Cake 250G,NULL,43,55,
753,Cake Madeira 250G,NULL,43,55,
754,Cake Cream 300G Little Lion,NULL,43,55,
755,Cake Chocolate Roll 225G,NULL,43,55,
756,Cake Date 375G,NULL,43,55,
757,Sprinkles Jimmies,NULL,43,201,
758,Candy Feel,NULL,43,206,
759,Chili Powder Wijaya 500g,NULL,44,20,
760,Curry Powder Wijaya 500g,NULL,44,20,
761,Chili Pieces Wijaya 500g,NULL,44,20,
762,Pepper Powder Wijaya 1Kg,NULL,44,20,
763,Roasted Curry Powder 500G Wijaya,NULL,44,20,
764,Roasted Curry Powder 50G Wijaya,NULL,44,20,
765,Pepper Powder Wijaya 500G,NULL,44,20,
766,Pepper Powder Wijaya 50G,NULL,44,20,
767,Pepper Powder Wijaya 100G,NULL,44,20,
768,Chili Pieces Wijaya 100g,NULL,44,20,
769,Chili Pieces Wijaya 50g,NULL,44,20,
770,Chili Pieces Wijaya 250g,NULL,44,20,
771,Mustard Seed 100G Kotmale,NULL,44,31,
772,Dill Seed 100G Kotmale (Fenugreek),NULL,44,31,
773,Mustard Seed 50G Kotmale,NULL,44,31,
774,Chili Powder Kotmale 250g,NULL,44,31,
775,Chili Powder Kotmale100g,NULL,44,31,
776,Chili Powder Kotmale 50g,NULL,44,31,
777,Chili Pieces Kotmale 100g,NULL,44,31,
778,Chili Pieces Kotmale 50g,NULL,44,31,
779,Chili Pieces Kotmale 250g,NULL,44,31,
780,Curry Powder Kotmale 500g,NULL,44,31,
781,Curry Powder Kotmale 250g,NULL,44,31,
782,Curry Powder  Kotmale 100g,NULL,44,31,
783,Curry Powder Kotmale 50g,NULL,44,31,
784,Turmeric Powder Kotmale 500G,NULL,44,31,
785,Turmeric Powder  Kotmale 100g,NULL,44,31,
786,Turmeric Powder  Kotmale 50G,NULL,44,31,
787,Pepper Powder Kotmale 1Kg,NULL,44,31,
788,Pepper Powder Kotmale 100G,NULL,44,31,
789,Pepper Powder Kotmale 50G,NULL,44,31,
790,Roasted Curry Powder 500G Kotmale,NULL,44,31,
791,Roasted Curry Powder 50G Kotmale,NULL,44,31,
792,Roasted Curry Powder 100G Kotmale,NULL,44,31,
793,Chili Powder Kotmale 500g,NULL,44,31,
794,Chili Pieces Kotmale 500g,NULL,44,31,
795,Roasted Curry Powder 250G Kothmale,NULL,44,31,
796,Turmeric Powder Kotmale 250G,NULL,44,31,
797,Dill Seed 50G Kotmale [Fenugreek],NULL,44,31,
798,Pepper Powder Ruhunu100G,NULL,44,43,
799,Pepper Powder Ruhunu50G,NULL,44,43,
800,Chili Powder Ruhunu 500g,NULL,44,43,
801,Pepper Powder  Lucky Grin 1kg,NULL,44,136,
802,Cardamon,NULL,44,191,
803,Cloves,NULL,44,191,
804,Aachi Chili Powder 500G,NULL,44,57,
805,Coriander Powder 500G,NULL,44,192,
806,Chili Powder Kashmir 100g,NULL,44,192,
807,White Pepper Tin 60G,NULL,44,107,
808,Roast Seasoning 50G,NULL,44,107,
809,Corn Flour Delmege 100g,NULL,45,60,
810,Corn Flour Delmege 200g,NULL,45,60,
811,Thosai Mixture 400G,NULL,45,26,
812,Kurakkan Flour 400G Harischandra,NULL,45,26,
813,Hopper Mixture 400G - HC,NULL,45,26,
814,Hopper Mixture 400G - MDK,NULL,45,80,
815,Challenge 1Kg MDK,NULL,45,171,
816,String Hopper Steam Wheat Flour MDK,NULL,45,80,
817,Idly Mix 400G MDK,NULL,45,171,
818,MDK Thosai Mixture 400G,NULL,45,171,
819,String Hopper Flour Red(N) MDK,NULL,45,171,
820,String Hopper Flour White(N) MDK,NULL,45,80,
821,Green Gram Flour,NULL,45,136,
822,Idly Rawa 1Kg,NULL,45,182,
823,Corn Flour MD 100g,NULL,45,184,
824,String Hopper Flour Rangiri White,NULL,45,187,
825,String Hopper Flour Rangiri Red,NULL,45,187,
826,Bajji-Bonda Powder 200G Shakti,NULL,45,192,
827,Hopper Mixture 400G - Nikado,NULL,45,211,
828,Harpic Bathroom Cleaner,NULL,47,36,
829,Oven Cleaner 5L,NULL,47,39,
830,Bio Clean 500Ml,NULL,47,178,
831,Steel wool(L),NULL,47,206,
832,Drain Cleaner 50G,NULL,47,52,
833,Salad Oil 650Ml,NULL,48,167,
834,Oil East- West 20L,NULL,48,30,
835,Sesame Oil 300ml,NULL,48,167,
836,Canned Fish Tuna 185G,NULL,48,30,
837,Sesame Oil 650ml,NULL,48,167,
838,Olive Oil 1L (No:1),NULL,48,30,
839,Olive Oil 250Ml,NULL,48,30,
840,Olive Oil 500Ml,NULL,48,30,
841,Olive Oil 1L (No:2),NULL,48,30,
842,Coconut Oil Vimal 1Kg,NULL,48,170,
843,Coconut Oil Vimal 750Ml,NULL,48,170,
844,Palm Oil Vimal 1Kg,NULL,48,170,
845,Oil Pamco 20L,NULL,48,153,
846,Oil Soya 20L,NULL,48,117,
847,Oil Fortune Veg 3L,NULL,48,156,
848,Oil Sunflower Vanicka 1L,NULL,48,118,
849,Oil Tastyy 1L,NULL,48,118,
850,Oil Tastyy 20L,NULL,48,118,
851,Oil Sunflower Tastyy 2L,NULL,48,118,
852,Oil Corn 1L,NULL,48,156,
853,Coconut Oil 200Ml,NULL,48,118,
854,Oil 500Ml,NULL,48,118,
855,Oil Sunflower 3L,NULL,48,118,
856,Marina,NULL,48,118,
857,Oil Corn 2L,NULL,48,118,
858,Coconut Oil 1L Tastyy,NULL,48,118,
859,Oil Gold Sunflower 5L,NULL,48,118,
860,Oil Soya 500Ml,NULL,48,117,
861,Oil Soya 1L,NULL,48,117,
862,Idhayam 1L Gold,NULL,48,128,
863,Idhayam 500Ml Gold,NULL,48,192,
864,Gingely Oil 375Ml,NULL,48,193,
865,Gingely Oil 175Ml,NULL,48,193,
866,Gingely Oil 750Ml-1,NULL,48,193,
867,Gingely Oil-2 750Ml,NULL,48,193,
868,Mustard Oil 750Ml,NULL,48,193,
869,Gingely Oil (No:2) 375Ml,NULL,48,193,
870,Ghee 750Ml No-1,Ghee 750Ml No-1,48,193,
871,Coconut Oil 1 B,Coconut Oil 1 B,48,197,
872,Coconut Oil 1Kg,NULL,48,197,
873,Palm Oil,NULL,48,82,
874,Oil Gold Sunflower 2L,NULL,48,206,
875,Oil Turkey 500Ml,NULL,48,212,
876,Oil Turkey 1L,NULL,48,212,
877,Oil Vanicka 20L,NULL,48,137,
878,Oil Marina 3L,NULL,48,137,
879,Oil Marina 1L,NULL,48,137,
880,Sesame Oil 200ml,NULL,48,216,
881,Coconut Oil 1L (Fortune),NULL,48,217,
882,Oil Fortune Veg 500Ml,NULL,48,217,
883,Oil Fortune Veg 1L,NULL,48,156,
884,Highland Ghee 300Ml,NULL,49,76,
885,Highland Ghee 500Ml,NULL,49,76,
886,Ghee Oil 175Ml,NULL,49,193,
887,Ghee Oil 375Ml,NULL,49,193,
888,Ghee Oil 750Ml,NULL,49,193,
889,Ghee Udhaya Krishna 100Ml,NULL,49,193,
890,Ghee 375Ml No-01,NULL,49,193,
891,Ghee Oil 180ML No-1,NULL,49,193,
892,Soya Chi/Rc/Tc 90G Lanka,NULL,51,13,
893,Soya Curry Lanka 90G,NULL,51,13,
894,Soya Cutt/Pra/Sta/Pls/Murm Lanka 90G,NULL,51,125,
895,Soya Meat Bulk,NULL,51,153,
896,Soya Chi/Curry/Pro 55G,NULL,51,13,
897,Soya Meat 90G,NULL,51,153,
898,Prawn Soya Devil 110G,NULL,51,174,
899,Mayo Bager 2Kg,NULL,52,232,
900,Thai Sweet Sauce 2L,NULL,52,123,
901,Tomato Sauce 270G Edinbrough,NULL,52,167,
902,Tomato Sauce 5Kg (No:1) Edinbrough,NULL,52,167,
903,Tomato Sauce 1Kg Round Bottle Edi,NULL,52,167,
904,Tomato Sauce 1Kg Edinbrough,NULL,52,167,
905,Oyster Sauce 1Kg,NULL,52,167,
906,Worcestershire Sauce 650Ml,NULL,52,167,
907,Soya Sauce 650Ml Edinbrough,Soya Sauce 650Ml Edinbrough,52,167,
908,Oyster Sauce 265G,NULL,52,167,
909,B.B.Q Sauce Edinbrough,NULL,52,167,
910,Soya Sauce 4.5L,NULL,52,167,
911,Chili Sauce 1Kg Edinbrough,NULL,52,167,
912,Soya Sauce 1Kg Edinbrough,NULL,52,167,
913,Soya Sauce 325Ml Edinbrough,NULL,52,167,
914,Tomato Sauce 5Kg yellow Edi,NULL,52,167,
915,Thousand Island Dressing 350G,NULL,52,167,
916,Soya Sauce 1Kg Edinbrough,NULL,52,167,
917,Mayonnaise 236Ml E/B,NULL,52,167,
918,Oyster Sauce Bachun 350G,NULL,52,30,
919,Dark Soya Sauce  640ML,NULL,52,30,
920,Light Soya Sauce 640ML,NULL,52,30,
921,Black Bean sauce 227G,NULL,52,30,
922,Fish Sauce 725Ml,NULL,52,30,
923,Mint Sauce 185G,NULL,52,30,
924,Tabasco Sauce 59Ml East-West,NULL,52,30,
925,Oyster Sauce 5Kg,NULL,52,167,
926,Soya Sauce 325ML Maya,NULL,52,153,
927,Soya Sauce 650ML Maya,NULL,52,153,
928,Tomato Sauce pkt 15g,NULL,52,153,
929,Tomato Sauce 400G pkt Edi,NULL,52,167,
930,Tomato Sauce 1Kg Maya,NULL,52,153,
931,Tomato Sauce 405G Maya,NULL,52,153,
932,Tomato Sauce Catering 4.5Kg Maya,NULL,52,153,
933,Tomato Sauce 865G Kist,NULL,52,117,
934,Tomato Sauce 200G Kist,NULL,52,117,
935,Tomato Sauce 400G Kist,NULL,52,117,
936,Chili Sauce 190G Kist,NULL,52,117,
937,Chili Sauce 375G Kist,NULL,52,117,
938,Tomato Sauce 4L Kist,NULL,52,117,
939,Tomato Sauce 375G Kist,NULL,52,117,
940,Tomato Sauce 2L Kist,NULL,52,117,
941,Chili Sauce 835G Kist,NULL,52,117,
942,Sweet Chili Sauce  350ML,NULL,52,167,
943,Tomato Sauce 200G MD,NULL,52,184,
944,Tomato Sauce 400G MD,NULL,52,184,
945,Chili Sauce 400G MD,NULL,52,184,
946,Chili Sauce 200G MD,NULL,52,184,
947,Tomato Ketch Up Sauce 200G MD,NULL,52,184,
948,Tomato Sauce 2L MD,NULL,52,184,
949,Chili & Garlic Sauce 400Gm,NULL,52,184,
950,Tomato Sauce 4L MD,NULL,52,184,
951,Tomato Ketchup 400G,NULL,52,184,
952,Light Soya Sauce Mitty,NULL,52,184,
953,Chili & Garlic 200G MD,NULL,52,184,
954,Salt 1Kg,NULL,53,228,
955,T.Salt 1Kg,NULL,53,228,
956,T.Salt 400G,NULL,53,228,
957,Edinborugh Tomato Sauce 1Kg,NULL,54,167,
958,Corn Flour(Loose),NULL,56,30,
959,Corn Flour 1Kg,NULL,56,30,
960,Ulundu Flour 200g,NULL,56,26,
961,Rice Flour 400G,NULL,56,26,
962,Poori,NULL,56,26,
963,Chapatti,NULL,56,26,
964,Atta Pillsbury/ Prima Chakki,NULL,56,78,
965,Parata New,NULL,56,171,
966,Kothu Roti 01Kg,NULL,56,171,
967,Pattis 500G,NULL,56,171,
968,Samosa 500G,NULL,56,171,
969,Idly,NULL,56,171,
970,Parata,NULL,56,171,
971,Gram Flour 500G Pkt,NULL,56,136,
972,Rice Flour (Loose),NULL,56,49,
973,String Hopper Flour Cbl,NULL,56,49,
974,Flour Preema Green Home,NULL,56,67,
975,Flour 1Kg Pkt,NULL,56,78,
976,Atta Aashirvaad,NULL,56,192,
977,Gram Flour,NULL,56,192,
978,KFC Seasoned Flour,NULL,56,192,
979,Semolina (Rulang) 1Kg,NULL,56,213,
980,Flour Mill Bakery,NULL,56,213,
981,Flour (Blue) Pkt 5Kg,NULL,56,213,
982,Papadam Masala (Harischandra) 70G,NULL,57,26,
983,Papadam 50G 1*40 Rekh,NULL,57,6,
984,Papadam Bulk,NULL,57,6,
985,Papadam Indian 100Gm,NULL,57,192,
986,Papadam Ching Chong,NULL,57,192,
987,Papadam Indian 200Gm,NULL,57,192,
988,Papadam 50G,NULL,57,192,
989,Papadam Masala[Indian],NULL,57,192,
990,Prawn Crackers 60G,NULL,57,195,
991,Marmite 210G,NULL,58,123,
992,Marmite 115G,NULL,58,123,
993,Marmite 55G,NULL,58,123,
994,Unilever Marmite 210G,NULL,58,123,
995,Marmite 105G,NULL,58,123,
996,P.Baby Cream 100Ml Unilever,NULL,59,123,
997,Cream*Pears Baby 200Ml,NULL,59,123,
998,Fair & Lovely 25G,NULL,59,123,
999,Fair & Lovely 50G,NULL,59,123,
1000,fair & lovely men,NULL,59,123,
1001,Fair Lovely A-Marks,NULL,59,123,
1002,Fair & lovely men,NULL,59,123,
1003,Vaseline Dry Skin 100Ml,NULL,59,123,
1004,Vaseline Dry Skin 300Ml,NULL,59,123,
1005,Vaseline Fairer Skin 100Ml,NULL,59,123,
1006,Vaseline Fairer Skin 300Ml,NULL,59,123,
1007,Ponds Cream 25G,NULL,59,8,
1008,Cream*Pears Baby 100Ml,NULL,59,123,
1009,Ponds White Beauty Bb+,NULL,59,123,
1010,Face Wash Pond's White Beauty 50G,NULL,59,123,
1011,Cream*Pears Baby 50Ml,NULL,59,123,
1012,Vaseline Cocoa radiant 100Ml,NULL,59,123,
1013,Cream*Pears Baby 100Ml (Bed),NULL,59,123,
1014,Face Wash Ponds White Beauty,NULL,59,123,
1015,Fair & Lovely Ayurvedic 25G,NULL,59,123,
1016,Face Wash Ponds Pimple Clear 120G,NULL,59,8,
1017,Vaseline 300Ml New,NULL,59,123,
1018,Fairever F.Cream 50Ml,NULL,59,60,
1019,Fairever F.Cream 25Ml,NULL,59,60,
1020,Veet Cream60G,NULL,59,151,
1021,Cream*Baby Cheramy 100Ml,NULL,59,172,
1022,Cream*Baby Cheramy 200Ml,NULL,59,172,
1023,Cream*Baby Cheramy 400Ml,NULL,59,172,
1024,Touch Face Cream 30G,NULL,59,172,
1025,Cream*Baby Cheramy 50Ml,NULL,59,172,
1026,Cream*Khomba Baby 100Ml,NULL,59,154,
1027,Fair & Handsome 30G,NULL,59,246,
1028,Fair & Handsome 50G,NULL,59,246,
1029,Fair & Some 50G Oil control,NULL,59,246,
1030,Chandanalepa 20G,NULL,59,190,
1031,Chandanalepa 40G,NULL,59,190,
1032,Chandanalepa 12G,NULL,59,190,
1033,Paimei,NULL,59,192,
1034,White Soap,NULL,59,192,
1035,Bio Glow Papaya Moisturising Cream,NULL,59,192,
1036,Glycerin 28Ml,NULL,59,193,
1037,Vaseline 40G,NULL,59,193,
1038,Lacto Calamine Cream 100Ml,NULL,59,75,
1039,Body Lotion Carrot 50Ml,NULL,59,138,
1040,Body Lotion Papaya 50Ml,NULL,59,138,
1041,Body Lotion Rose 50Ml,NULL,59,138,
1042,Body Lotion Rose/Carroy/Papaya/Jasmine,NULL,59,138,
1043,Garnier 28G,NULL,59,163,
1044,Baby Oil 120Ml Pears,NULL,60,123,
1045,Baby Oil 100Ml Cheramy,NULL,60,172,
1046,Kumarika Oil 200Ml,NULL,60,172,
1047,Kumarika Oil 100Ml,NULL,60,172,
1048,Kumarika Hair Oil 415Ml,NULL,60,172,
1049,Baby Oil 50Ml Cheramy,NULL,60,172,
1050,Baby Oil 100Ml  Cheramy,NULL,60,172,
1051,Kumarika Oil 50Ml,NULL,60,172,
1052,Kesha Jusmine,NULL,60,110,
1053,Kesha Normal,NULL,60,110,
1054,Navaratna Oil 2.7Ml,NULL,60,97,
1055,Navaratna Oil 50Ml,NULL,60,97,
1056,Navaratna Oil 100Ml,NULL,60,97,
1057,Amla Plus Hair Oil 50Ml Harcourts,NULL,60,97,
1058,Amla Hair Oil 45Ml,NULL,60,97,
1059,Amla Hair Oil 90Ml,NULL,60,97,
1060,Indulekha 100Ml,NULL,60,192,
1061,Baby Oil 200Ml Johnson's,NULL,60,192,
1062,Flora 500G,NULL,61,8,
1063,Flora 250G,NULL,61,8,
1064,Astra 250G,NULL,61,123,
1065,Astra 500G,NULL,61,123,
1066,Astra 1Kg,NULL,61,123,
1067,Astra Buddy 8G,NULL,61,123,
1068,Astra 40G,NULL,61,8,
1069,Astra 5Kg,NULL,61,232,
1070,Astra 125G,NULL,61,123,
1071,Peanut Butter 500G,NULL,61,30,
1072,Butter 7G,NULL,61,30,
1073,Anchor Butter 7G,NULL,61,15,
1074,Anchor Butter 100G,NULL,61,15,
1075,Anchor Butter 227G,NULL,61,15,
1076,Butter Maya,NULL,61,153,
1077,Butter Maya 200G,NULL,61,153,
1078,Meadowlea 250G,NULL,61,156,
1079,Meadowlea 500G,NULL,61,156,
1080,Highland Butter 200G,NULL,61,76,
1081,Pasty Margarine Kg,NULL,61,201,
1082,Bread Improver 750G,NULL,61,201,
1083,Mayonnaise 3L Unilever,NULL,62,232,
1084,Mayonnaise 1L Unilever,NULL,62,232,
1085,Mayonnaise 245G,NULL,62,167,
1086,Mayonnaise 350G,NULL,62,167,
1087,Mayonnaise 3L East-West,NULL,62,30,
1088,Lime Powder 400G,NULL,63,232,
1089,Chicken Seasoning 1Kg Unilever,NULL,64,232,
1090,Chicken Seasoning 500G knorr,NULL,64,232,
1091,Aromat Seasoning 01Kg,NULL,64,232,
1092,Chicken Seasoning 500G Edinbrough,NULL,64,167,
1093,Chicken Seasoning 500G Maggi,NULL,64,100,
1094,Powder Baby Pears 100G,NULL,65,123,
1095,Powder Ponds 100G,NULL,65,123,
1096,Custard Powder 500G,NULL,65,167,
1097,Turmeric Powder Wijay 500G,NULL,65,20,
1098,Powder Baby Cheramy,NULL,65,172,
1099,Powder Rani Sandalwood 100G,NULL,65,154,
1100,Pepper Powder Lucky 50G,NULL,65,136,
1101,Punnakku,NULL,65,191,
1102,Rasam Cream 90G,NULL,65,191,
1103,Baking Powder 50G,NULL,65,201,
1104,Baking Powder 1Kg,NULL,65,201,
1105,Cardamon Powder 25G,NULL,65,107,
1106,Clove Powder,NULL,65,107,
1107,Cologne Pears Baby 100Ml,NULL,66,123,
1108,Cologne Pears Baby 50Ml,NULL,66,123,
1109,Cologne Baby Cheramy 100Ml,NULL,66,172,
1110,Cologne Baby Cheramy 50Ml,NULL,66,172,
1111,Cologne Baby Cheramy 200Ml,NULL,66,172,
1112,Signature Cologne 50Ml,NULL,66,172,
1113,Goya Cologne 35Ml,NULL,66,172,
1114,Cologne Baby Cheramy 100Ml*3,NULL,66,172,
1115,Cologne Khomba Baby 100Ml,NULL,66,154,
1116,Cologne Khomba Baby 50Ml,NULL,66,154,
1117,Cologne Spray Black & Knight 100Ml,NULL,66,130,
1118,Cologne Spray Black & Knight 50Ml,NULL,66,130,
1119,Cologne Charle / Danger,NULL,66,192,
1120,Rose Water,NULL,66,193,
1121,Cologne Secrets 30Ml,NULL,66,219,
1122,Hand wash - Lifebuoy 200Ml,NULL,67,123,
1124,Egg Red,NULL,68,176,
1125,Egg White,NULL,68,175,
1126,Hayleys Electonics 65W,NULL,69,52,
1127,Hayleys Electronics 45W,NULL,69,52,
1128,Samahan Link,NULL,70,110,
1129,Coffee 200G,NULL,71,26,
1130,Coffee 100G,NULL,71,26,
1131,Coffee 50G,NULL,71,26,
1132,Coffee 20G,NULL,71,26,
1133,Nescafe Classic 2G,NULL,71,100,
1134,Nescafe Premix 1Kg,NULL,71,100,
1135,Nestea Premix 1Kg,NULL,71,100,
1136,Nescafe Classical 100G,NULL,71,100,
1137,Nescafe Classical 50G,NULL,71,100,
1138,Nescafe 3In1,NULL,71,100,
1139,Nescafe 50G PKT,NULL,71,100,
1140,Nescafe Classical 200G,NULL,71,100,
1141,Nescafe Classic 50G Jar,NULL,71,100,
1142,Nescafe Gold Jar 100G,NULL,71,100,
1143,Nescafe Sunrise & Bru 45G,NULL,71,192,
1144,Facial Tissue 2Ply Flora,NULL,72,79,
1145,Paper Serviette (L) 100P Flora,NULL,72,79,
1146,Toilet Roll Flora,NULL,72,79,
1147,Paper Serviette (S) 15P Flora,NULL,72,79,
1148,Paper Serviette 50P Flora,NULL,72,79,
1149,Toilet Roll,NULL,72,177,
1150,Paper Serviette-Mint,NULL,72,79,
1151,Serviette Cloth,NULL,72,177,
1152,Toothpicks,NULL,73,79,
1153,Toothpicks,NULL,73,50,
1154,B.B.Q Stick (100)8',NULL,73,50,
1155,B.B.Q Stick [100] 6',NULL,73,50,
1156,B.B.Q. Stick (100) 10',NULL,73,50,
1157,B.B.Q Stick 12',NULL,73,50,
1158,Water Bottle 5L,NULL,74,191,
1159,Water Bottle 1L,NULL,74,191,
1160,Water Bottle 1.5L,NULL,74,191,
1161,Water Bottle 500Ml,NULL,74,191,
1162,Water Bottle 20L,NULL,74,191,
1163,Water Empty Can,NULL,74,191,
1164,Milkmaid Consmilk 510G,NULL,75,100,
1165,Milk Maid 390G,NULL,75,100,
1166,Milk Maid 510G,NULL,75,100,
1167,Whipping Cream M.Gold 1L East-West,NULL,76,30,
1168,Whipping Cream 1L Redman,NULL,76,30,
1169,Anchor Cooking Cream 1L,NULL,76,15,
1170,Anchor Wiping Cream 1L,NULL,76,15,
1171,Mango Chutney 450G,NULL,77,167,
1172,Mango Chutney 885G,NULL,77,167,
1173,Ambarella Chutney 490G EDI,NULL,77,167,
1174,Ambarella Chutney MD,NULL,77,184,
1175,Ambarella Chutney 210G,NULL,77,202,
1176,Mango Chutney 860G,NULL,77,141,
1177,Rasa Hari Soup 60G,NULL,78,125,
1178,Knorr Soup (10G*2),NULL,78,123,
1179,Soup Base 1Kg,NULL,78,232,
1180,Mushroom Soup 1Kg,NULL,78,232,
1181,Mayonnaise Burger 3Kg,NULL,78,232,
1182,Demiglace  1Kg,NULL,78,232,
1183,Knor Soup,NULL,78,123,
1184,Maggi Soup Vegetable 4G*20,NULL,78,100,
1185,Maggi Soup Chicken 4G*20,NULL,78,100,
1186,Rasamusu 6G,NULL,78,100,
1187,Maggi Soup Chicken (20G*40) Jumbo,NULL,78,100,
1188,Anchor Milk Vanila,NULL,80,15,
1189,Anchor Milk Chocolate,NULL,80,15,
1190,Fresh Milk Anchor 1L,NULL,80,15,
1191,Milo Uht 180G,NULL,80,100,
1192,Daily Milk Vanilla 200Ml,NULL,80,11,
1193,Milk Ambewela 1L,NULL,80,11,
1194,Daily Milk Chocolate 200Ml,NULL,80,11,
1195,Daily Milk Activ 200Ml,NULL,80,11,
1196,Milk Ambewela 200ML,NULL,80,11,
1197,Highland Milk 900Ml,NULL,80,76,
1198,Soya Milk,NULL,80,61,
1199,Nestle  Milk Maid Condmilk 510G,NULL,81,100,
1200,Disprin,NULL,82,36,
1201,Gel 200G,NULL,82,39,
1202,Gel 14Kg,NULL,82,39,
1203,Panadol Liquid 100Ml Glaxo,NULL,82,250,
1204,Panadol (1*120) Glaxo,NULL,82,250,
1205,Eno,NULL,82,179,
1206,Iodex 09G,NULL,83,250,
1207,Iodex 4G Head Fast,NULL,83,250,
1208,Sunsilk Conditioner 180Ml,NULL,84,123,
1209,Sunsilk Conditoner6.5Ml,NULL,84,123,
1210,Pantene Conditoner 170Ml Delmege,NULL,84,52,
1211,Pantene Damage Care Condi 75Ml,NULL,84,52,
1212,Head & Sholder Anti Hair Fall 170Ml,NULL,84,52,
1213,Head & Shoulder Hair Fall 330 ML,NULL,84,52,
1214,Head&Shoulders Smooth&Silky/C & B 170Ml,NULL,84,52,
1215,Pantene Conditioner Hfc 165Ml,NULL,84,179,
1216,Colouring Green 28Ml Delmege,NULL,86,60,
1217,Colouring Blue 28Ml Delmege,NULL,86,60,
1218,Colouring Egg Yellow 28Ml Delmege,NULL,86,60,
1219,Hair Colour (Black Henna)3G,NULL,86,172,
1220,Colouring Egg Yellow 28Ml Rasarco,NULL,86,113,
1221,Colouring Rose Pink 28Ml Rasarco,NULL,86,113,
1222,Colouring Apple Green 28Ml Rasarco,NULL,86,113,
1223,Colouring Green 28Ml Rasarco,NULL,86,113,
1224,Colouring Blue 28Ml Rasarco,NULL,86,113,
1225,Colouring Lemon Yellow 28Ml Rasarco,NULL,86,113,
1226,Colouring Orange 28Ml Rasarco,NULL,86,113,
1227,Colouring Brown 28Ml Rasarco,NULL,86,113,
1228,Colouring Pillar Box Red 28Ml Rasarco,NULL,86,113,
1229,Colouring Black 28Ml Rasarco,NULL,86,113,
1230,Colouring Puple 28Ml Rasarco,NULL,86,113,
1231,Colouring Cochineal 28Ml,NULL,86,134,
1232,Colouring Apple Green 28Ml Scan,NULL,86,134,
1233,Colouring *Pointing( Egg yellow) 500G,NULL,86,206,
1234,Colouring *Twins 500G,NULL,86,206,
1235,Colouring *Apple Green 500G,NULL,86,206,
1236,Colouring *Blood Red 500G,NULL,86,206,
1237,Essence Vanilla 500Ml Delmege,NULL,87,60,
1238,Essence Chocolate 28Ml,NULL,87,60,
1239,Essence Almond 28Ml Rasarco,NULL,87,113,
1240,Essence Pineapple 28Ml Rasarco,NULL,87,113,
1241,Essence Strawberry 28Ml Rasarco,NULL,87,113,
1242,Essence Biriyani 28Ml Rasarco,NULL,87,113,
1243,Essence Vanilla 28Ml Rasarco,NULL,87,113,
1244,Essence Banana 28Ml Rasarco,NULL,87,113,
1245,Essence Rose 28Ml Rasarco,NULL,87,113,
1246,Essence Brandy Rasarco,NULL,87,113,
1247,Essence Sweet Almond 200Ml,NULL,87,113,
1248,Essence Rose 200Ml,NULL,87,113,
1249,Essence Orange 28Ml Rasarco,NULL,87,113,
1250,Essence Vanilla Flavour 500Ml,NULL,87,201,
1251,Essence Banana 500Ml,NULL,87,201,
1252,Essence Vanilla 200Ml ABMauri,NULL,87,201,
1253,Essence Banana 200Ml,NULL,87,201,
1254,Asparagus Cream,NULL,88,232,
1255,Gelatin 30G,NULL,88,60,
1256,Gelatin 100G,NULL,88,60,
1257,Custard Vanilla 100G,NULL,88,60,
1258,Custard 340G Delmege,NULL,88,60,
1259,Baking Powder Delmege 50G,NULL,88,60,
1260,Baking Powder  Delmege 100G,NULL,88,60,
1261,Baking Powder  Delmege 1Kg,NULL,88,60,
1262,Pudding Caramel 100G,NULL,88,60,
1263,Pudding Wattalappam 110G,NULL,88,60,
1264,Pudding Chocolate 110G,NULL,88,60,
1265,Faluda Mix 125G,NULL,88,60,
1266,Faluda Mix 250G,NULL,88,60,
1267,Pudding Strawberry 100G,NULL,88,60,
1268,Pudding Mango 100G,NULL,88,60,
1269,Pudding Butterscotch 100G,NULL,88,60,
1270,Baking Powder ABMauri 100G,NULL,88,201,
1271,Gillette Blue 2,NULL,89,52,
1272,Gillette Mach 3,NULL,89,52,
1273,Gillette Blue 2 Plus,NULL,89,52,
1274,Bic Easy 2,NULL,89,178,
1275,Bic Orange,NULL,89,178,
1276,Bic White,NULL,89,178,
1277,Bic 3,NULL,89,178,
1278,Gillette Blue 3,NULL,89,178,
1279,Blade BIC,NULL,89,178,
1280,Gillette Mach 3 (Blade*4),NULL,89,179,
1281,Gillette Mach 3 Raser,NULL,89,179,
1282,Blade,NULL,89,192,
1283,Pampers (S),NULL,90,52,
1284,Pampers (M) Cheramy,NULL,90,172,
1285,Pampers (L) Cheramy,NULL,90,172,
1286,Pampers (S) Cheramy,NULL,90,172,
1287,Pampers (M) Cutee,NULL,90,172,
1288,Pampers (L) Cutee,NULL,90,172,
1289,Pampers (Exl) Cutee,NULL,90,172,
1290,Pampers Small,NULL,90,75,
1291,Pampers(Xl),NULL,90,75,
1292,Pampers(L),NULL,90,75,
1293,Pampers(M),NULL,90,75,
1294,Hair Colour (Godrej)3G,NULL,91,172,
1295,Hair Colour (Godrej)10G,NULL,91,172,
1296,Hair Colour Laniss,NULL,91,192,
1297,Hair Colour (Care),NULL,91,163,
1298,Cotton Buds,NULL,92,172,
1299,Cordial Mix Fruit 750Ml Kist,NULL,93,117,
1300,Cordial Passion Fruit 750Ml Kist,NULL,93,117,
1301,Cordial Orange 750Ml Kist,NULL,93,117,
1302,Sherbet Syrup 750Ml,NULL,93,117,
1303,Cordial Mango 750Ml Kist,NULL,93,24,
1304,Cordial Mango 750Ml MD,NULL,93,184,
1305,Cordial Mixed Fruit 750Ml MD,NULL,93,184,
1306,Cordial Nelli 750Ml MD,NULL,93,184,
1307,Cordial Passion Fruit 750Ml MD,NULL,93,184,
1308,Cordial Pineapple 750Ml MD,NULL,93,184,
1309,Cordial Orange 750Ml MD,NULL,93,184,
1310,Cordial Lime 750Ml MD,NULL,93,184,
1311,Cordial Orange 400Ml MD,NULL,93,184,
1312,Cordial Passion Fruit 400Ml MD,NULL,93,184,
1313,Cordial Mixed Fruit 400Ml MD,NULL,93,184,
1314,Cordial Orange/Mixed Fruit 2L MD,NULL,93,184,
1315,Sunquick Orange 2L,NULL,93,134,
1316,Sunquick 840Ml,NULL,93,134,
1317,Sunquick 330Ml,NULL,93,134,
1318,Sunquick Pink Guava & Strawberry 2L,NULL,93,81,
1319,Sunquick Mix fruit 2L,NULL,93,134,
1320,Tomato Pronto,NULL,94,232,
1321,Tomato Paste-Small 800G,NULL,94,167,
1322,Asparagus 425G,NULL,94,30,
1323,Baked Beans Heinz 420G,NULL,94,30,
1324,Mushroom 425G,NULL,94,30,
1325,Tomato Paste-Small 510G,NULL,94,30,
1326,Young Corn 425G East-West,NULL,94,30,
1327,Green Peas 400G,NULL,94,30,
1328,Cream Corn  425G,NULL,94,30,
1329,Tomato Paste 3.1Kg,NULL,94,30,
1330,Kernal Corn 425G,NULL,94,30,
1331,Lychee 565G,NULL,94,30,
1332,Peaches 420G,NULL,94,30,
1333,Fruit Cock Tail 825G,NULL,94,30,
1334,Bamboo shoot 425G,NULL,94,30,
1335,Asparagus 425G New,NULL,94,30,
1336,Kidney Beans 400G,NULL,94,30,
1337,Ginger Beer 300Ml,NULL,94,54,
1338,Cocoa Powder 1Kg East-West,NULL,95,30,
1339,Cocoa Powder ABMauri,NULL,95,201,
1340,Cocoa Powder 50G,NULL,95,60,
1341,Cocoa Powder 100G,NULL,95,60,
1342,Cocomate,NULL,95,201,
1343,Cocoa Pebbles Cereal 290G,NULL,96,30,
1344,Oats-Quaker 400G East-West,NULL,96,30,
1345,Oats Quaker 500G,NULL,96,30,
1346,Corn Flakes 18Oz,NULL,96,30,
1347,Oats Quaker 425G,NULL,96,30,
1348,Cerelac huy and dates 250g,NULL,96,100,
1349,Nestam (12M) 200G,NULL,96,100,
1350,Nestam (8M),NULL,96,100,
1351,Nestam (6M),NULL,96,100,
1352,Nestam (10M),NULL,96,100,
1353,Cerelac RICE MIX Frt 250g,NULL,96,100,
1354,Cerelac beonwn rice 250g,NULL,96,100,
1355,Chocos 27G,NULL,96,23,
1356,Oats Quaker 200G,NULL,96,169,
1357,Honey 25G,NULL,96,169,
1358,Oats Quaker 500G,NULL,96,169,
1359,Corn Flakes 250G,NULL,96,169,
1360,Chocos 375G,NULL,96,169,
1361,Corn Flakes 100G,NULL,96,169,
1362,Chocos 125G,NULL,96,169,
1363,Corn Flakes 25G,NULL,96,169,
1364,Corn Flakes (Real Honey) 300g,NULL,96,169,
1365,Chocos 250G,NULL,96,169,
1366,Sun Potato Chips,NULL,96,117,
1367,Marshmallows,NULL,96,55,
1368,Oat Saffola,NULL,96,192,
1369,Oats-Quaker-1Kg,NULL,96,192,
1370,Basmati Sunbol Rice,NULL,97,30,
1371,Araliya Samba,NULL,97,94,
1372,Araliya Red Raw Samba,NULL,97,94,
1373,Araliya Nadu,NULL,97,94,
1374,Araliya Red Raw,NULL,97,94,
1375,Lakbimas Supirikeeri Samba,NULL,97,94,
1376,Araliya Supiri Keeri Samba 1Kg,NULL,97,94,
1377,Araliya Red Samba,NULL,97,94,
1378,Araliya White Raw,NULL,97,94,
1379,Araliya Red Nadu,NULL,97,94,
1380,Araliya Raw Samba (White),NULL,97,94,
1381,Araliya Keeri Samba,NULL,97,94,
1382,Ponni Brocken Rice,NULL,97,94,
1383,Lakbimas Samba,NULL,97,94,
1384,Suwandel Rice,NULL,97,117,
1385,Suriyaa Keeri Samba,NULL,97,183,
1386,New Rathna Samba,NULL,97,105,
1387,New Rathna Nadu,NULL,97,105,
1388,New Rathna White Raw,NULL,97,105,
1389,New Rathna Keeri Samba,NULL,97,105,
1390,New Ratna Special Samba,NULL,97,105,
1391,Preema Samba,NULL,97,49,
1392,Preema Nadu,NULL,97,49,
1393,Preema Bada Bath,NULL,97,49,
1394,Preema  Keeri Samba,NULL,97,49,
1395,Preema White Raw,NULL,97,49,
1396,Damage Rice,NULL,97,49,
1397,Preema Nadu Old,NULL,97,49,
1398,Thissa White Raw,NULL,97,186,
1399,Thissa Red Raw,NULL,97,186,
1400,Basmati Rice,NULL,97,191,
1401,Suthuru Samba,NULL,97,191,
1402,White Rice Import,NULL,97,191,
1403,Aval White,NULL,97,192,
1404,Aval Red,NULL,97,192,
1405,Nadu Rice [Import],NULL,97,206,
1406,Basmati Premier,NULL,97,121,
1407,Ponni Rice,NULL,97,165,
1408,Ponni Rice (Phall),NULL,97,165,
1409,Potato Crisps 110G,NULL,98,167,
1410,Potato Crisps 45G,NULL,98,167,
1411,French Fries 1Kg,NULL,98,30,
1412,Potex,NULL,98,240,
1413,Pringles 110G,NULL,98,52,
1414,Mister Potato 45G,NULL,98,169,
1415,Mister Potato 130G,NULL,98,169,
1416,Manioc Chips,NULL,98,12,
1417,Pringles Ori/Sco 42G,NULL,98,52,
1418,Spring Roll Sheets (40*1),NULL,211,30,
1420,Aluminium Foil 24*37,NULL,99,30,
1421,Cling Film- 45Cm*300Cm,NULL,99,30,
1422,"Cling Film 100""""",NULL,99,30,
1423,Cling Film 45Cm*600Cm,NULL,99,30,
1424,Aluminium Foil 24*25,NULL,99,30,
1425,Aluminium Foil 18*1000,NULL,99,30,
1426,Cling Film 300M * 30Cm,NULL,99,30,
1427,Bay Leaves Whole 100G,NULL,100,30,
1428,Basil  100G,NULL,100,30,
1429,Thyme Leaves Shredded 100G,NULL,100,30,
1430,Oregano Leaves Shrd 100G,NULL,100,30,
1431,Rose Mary 100G,NULL,100,30,
1432,Kasoori Methi 100G,NULL,100,192,
1433,Cake Cup-White 11.5Cm,NULL,101,30,
1434,Cake Cup-White 7.5Cm,NULL,101,30,
1435,Nescafe Cup,NULL,101,100,
1436,Cup Disposable 150ML,NULL,101,50,
1437,Yoghurt Cup 1 Ram,NULL,101,50,
1438,Cup Disposable 250Ml,NULL,101,50,
1439,Gloves Disposable 100Pcs Edi,NULL,102,167,
1440,Gloves Hand 100Pcs 5*100,NULL,102,30,
1441,Gloves Disposable 10*100 Blue,NULL,102,30,
1442,Comfort 20Ml,NULL,103,123,
1443,Comfort 800Ml Green,NULL,103,123,
1444,Comfort 90Ml,NULL,103,123,
1445,Comfort 200Ml,NULL,103,123,
1446,Comfort 800Ml Pink,NULL,103,123,
1447,Domex 500Ml,NULL,103,123,
1448,Vim Liquid 500Ml,NULL,103,123,
1449,Vim Liquid (B) 500Ml,NULL,103,123,
1450,Domex pink 500 ML,NULL,103,123,
1451,Comfort 800Ml Blue,NULL,103,123,
1452,Comfort Softlan 2L,NULL,103,30,
1453,Comfort Softlan 1L,NULL,103,30,
1454,Comfort 800Ml Ultra,NULL,103,30,
1455,Dettol Liquid 110Ml,NULL,103,36,
1456,Dettol Liquid 60Ml,NULL,103,36,
1457,Lysol 500Ml,NULL,103,36,
1458,Harpic 750Ml,NULL,103,36,
1459,Dettol Liquid 500Ml,NULL,103,36,
1460,Harpic 500Ml,NULL,103,36,
1461,Harpic 200Ml,NULL,103,36,
1462,Lysol 200Ml,NULL,103,36,
1463,Brasso 60Ml,NULL,103,36,
1464,Brasso 200Ml,NULL,103,36,
1465,Brasso 500Ml,NULL,103,36,
1466,Lysol 950Ml,NULL,103,36,
1467,Hand wash - Dettol 200Ml,NULL,103,36,
1468,Dettol Liquid 210Ml,NULL,103,36,
1469,Harpic 500ML,NULL,103,36,
1470,Tile Cleaner 500Ml,NULL,103,36,
1472,Glass Cleaner 500Ml,NULL,103,36,
1473,Lysol 950Ml L/F,NULL,103,36,
1474,Lysol 950Ml Citrus,NULL,103,36,
1475,Lysol 200Ml Floral,NULL,103,36,
1476,Hand wash - Dettol Refill,NULL,103,36,
1477,Hand wash - Dettol 250Ml N,NULL,103,36,
1478,Clorox 500Ml,NULL,103,169,
1479,Clorox 1L,NULL,103,169,
1480,Hand wash - Velvet 200Ml,NULL,103,172,
1481,Air Freshener 5L,NULL,103,39,
1482,Comfort 5L,NULL,103,39,
1483,Tile Cleaner 5L,NULL,103,39,
1484,4X Toilet Bowl Cleaner 5L,NULL,103,39,
1485,Dish wash Manual 5L,NULL,103,39,
1486,P-Nol 5L,NULL,103,39,
1487,Hand wash 5L,NULL,103,39,
1488,Glass Cleaner 5L,NULL,103,39,
1489,Hand wash 500Ml,NULL,103,39,
1490,All Purpose 5L,NULL,103,39,
1491,Clorox 5L,NULL,103,39,
1492,P-Nol 1L Rainbow,NULL,103,158,
1493,Rose Water 500Ml New Kisha,NULL,103,193,
1494,Dish Wash 500Ml[Teepol],NULL,103,52,
1495,Bathi Amritha,NULL,104,178,
1496,Viboothi,NULL,104,191,
1497,Sumitra Premium Sticks,NULL,104,192,
1498,Bathi Mangalam,NULL,104,192,
1499,Bathi Gia,NULL,104,192,
1500,Bathi Rangeela Incense Sticks,NULL,104,192,
1501,Kungumam,NULL,104,192,
1502,Bathi Biba,NULL,104,192,
1503,Bathi Chitramala,NULL,104,192,
1504,Bathi Sapthami,NULL,104,192,
1505,Bathi Lyrics,NULL,104,192,
1506,Bathi  20/,NULL,104,195,
1507,Bathi Elephant,NULL,104,133,
1508,Bathi Flower[Swandamal],NULL,104,133,
1509,Bathi Oliagar,NULL,104,133,
1510,Moldive Fish Powder,NULL,105,232,
1511,Belacan 240G,NULL,105,30,
1512,Moldive Fish Sambol 160G,NULL,105,184,
1513,Kuni Isso 1Kg,NULL,105,191,
1514,Sprats,NULL,105,191,
1515,Moldive Fish,NULL,105,191,
1516,Moldive Fish Piece,NULL,105,191,
1517,Dry Fish Katta,NULL,105,191,
1518,Dry Fish Thalapath,NULL,105,206,
1519,Dry Fish Urulo,NULL,105,209,
1520,Rolls-Veg,NULL,106,171,
1521,Rolls-Fish,NULL,106,171,
1522,Rolls - Fish 25,NULL,106,171,
1523,Rolls-48P,NULL,106,5,
1524,Meatballs 01Kg Chicken,NULL,107,30,
1525,Meatballs 200G Keells Chicken,NULL,107,5,
1526,Meatballs 100G Keells Chicken,NULL,107,5,
1527,Meatballs 500G,NULL,107,5,
1528,Red Bull 250Ml Stassen,NULL,108,169,
1529,Butter Oil,NULL,109,30,
1530,Oil Corn 3L,NULL,109,30,
1531,Cherry Green 28Oz,NULL,110,30,
1532,Cherry Red 28Oz,NULL,110,30,
1533,Honey 1Kg East West,NULL,111,30,
1534,Honey 180Ml Flora,NULL,111,79,
1535,Honey Dabur 50G,NULL,111,192,
1536,Honey Dabur 100G,NULL,111,192,
1537,Honey Dabur 500G,NULL,111,192,
1538,Capers In Vinegar 99G,NULL,112,30,
1539,Gherkin 550Ml,NULL,113,30,
1540,Green Olives 450G,NULL,114,30,
1541,Black Olives 400G,NULL,114,30,
1542,Wintegeno 130G,NULL,115,60,
1543,Iodex 9G Head Fast,NULL,115,250,
1544,Iodex 20G,NULL,115,250,
1545,Siddhalepa Balm 25G,NULL,115,180,
1546,Siddhalepa Balm 2.5G,NULL,115,180,
1547,Siddhalepa Balm 50G,NULL,115,180,
1548,Siddhalepa Balm 10G,NULL,115,180,
1549,Siddhalepa Balm 15G,NULL,115,180,
1550,Vicks 10Ml,NULL,115,192,
1551,Vicks 25Ml,NULL,115,192,
1552,Vicks (Vaporub),NULL,115,192,
1553,Iodex 18G Headfast,NULL,115,250,
1554,Match Box,NULL,116,181,
1555,Asamodagam (Spirit) 380Ml,NULL,117,180,
1556,Coffee Mate,NULL,118,100,
1557,Sugar Sachets,NULL,118,106,
1558,Coffee Creamer Sachets,NULL,118,240,
1559,Brown Sugar Sachets,NULL,118,106,
1560,Charcoal 3Kg,NULL,119,109,
1561,Charcoal Grill Mate,NULL,119,109,
1562,Envelop-L,NULL,120,206,
1563,Envelop-S,NULL,120,206,
1564,Juice Kean Tomato 1L East-West,NULL,121,30,
1565,Tomato Juice 1L East-West,NULL,121,30,
1566,My Juice 200Ml,NULL,121,11,
1567,Nectar 200Ml,NULL,121,24,
1568,Nectar Mango/Mix 500Ml,NULL,121,117,
1569,Nectar Mango/ Mix Ora 1000Ml,NULL,121,24,
1570,Nectar Guvava 1000Ml,NULL,121,117,
1571,Apple Juice Green,NULL,121,117,
1572,Tang Orange 500G,NULL,121,117,
1573,Face Wash 50Ml Fair & Lovely,NULL,122,8,
1574,Claen & Clear Face Wash 100Ml,NULL,122,123,
1575,Face Wash 50G Fair & Lovely Men,NULL,122,123,
1576,Face Wash 50G (P/C) Fair & Lovely,NULL,122,123,
1577,Face Wash Ponds Facial Foam,NULL,122,123,
1578,Face Wash 50G Oil Control F/Some,NULL,122,246,
1579,Face Wash Carrot Soft 50Ml,NULL,122,138,
1580,Face Wash Cucumber 50Ml,NULL,122,138,
1581,Face Wash Papaya Soft 50Ml,NULL,122,138,
1582,Face Wash Fairever,NULL,122,138,
1583,Mutty Bag 2Kg,NULL,123,173,
1584,Mutty Bag 3Kg,NULL,123,173,
1585,Mutty Bag 5Kg,NULL,123,173,
1586,Mutty Bag 10Kg,NULL,123,173,
1587,Cashew Nut Pkt,NULL,125,95,
1588,Cashew Nut Full,NULL,125,95,
1589,Cashew Nut Pieces,NULL,125,95,
1590,Badham 100G (Almond),NULL,125,192,
1591,Rexona Women 25Ml Unilever,NULL,126,123,
1592,Rexona Men 25Ml Unilever,NULL,126,123,
1593,Nyle Body lotion 100Ml Delmege,NULL,127,60,
1594,Nyle Body lotion Turmeric 100Ml Delmege,NULL,127,60,
1595,Low Sugar Jam Mixed Fruit 330G MD,NULL,128,184,
1596,Low Sugar Jam Passion Fruit 330G MD,NULL,128,184,
1597,Low Sugar Jam Pineapple 330G MD,NULL,128,184,
1598,Low Sugar Jam Lime Marmalade 330G MD,NULL,128,184,
1599,Low Sugar Jam Real Strawberry 330G MD,NULL,128,184,
1600,Mixed Fruit Delight 2L Md,NULL,129,184,
1601,Glucose 100G,NULL,130,179,
1602,Ramba 50G Cbl,NULL,131,88,
1603,4Gb 15G,NULL,15,125,
1604,Tetos 20G,NULL,131,125,
1605,Pizza Savoury,NULL,131,125,
1606,Mister Potato 160G,NULL,131,169,
1607,Sambol 10G,NULL,131,72,
1608,Tip Tip,NULL,131,203,
1609,Tip Tip,NULL,131,12,
1610,Battery AA,NULL,132,178,
1611,Battery AAA,NULL,132,178,
1612,Battery AAA Alkaline,NULL,132,178,
1613,Battery AA Alkaline,NULL,132,178,
1614,Battery-L,NULL,132,178,
1615,Battery-M,NULL,132,178,
1616,Battery-9W,NULL,132,178,
1617,Lighter,NULL,133,206,
1618,Airwick Spray 475M Reckit,NULL,134,36,
1619,Air Wick Gel Reckit 50G,NULL,134,36,
1620,Samaposha 200G Flour,NULL,135,108,
1621,Coconut Milk 180ML Serra,NULL,136,13,
1622,Coconut Milk Powder 25G,NULL,136,100,
1623,Coconut Milk Powder 1Kg Maggi,NULL,136,100,
1624,Coconut Milk Powder 300G Maggi,NULL,136,100,
1625,Coconut Milk Powder 125G Maggi,NULL,136,100,
1626,Coconut Milk Powder 800G Maggi,NULL,136,100,
1627,Coconut Milk Powder 1Kg Maggi New,NULL,136,100,
1628,Coconut Milk Powder 1Kg Renuka,NULL,136,12,
1629,Coconut Milk Powder 300G Renuka,NULL,136,12,
1630,Coconut Milk Powder 150G Renuka,NULL,136,12,
1632,Canned Fish Catch 425g,NULL,137,113,
1633,Canned Fish Captain 425G,NULL,137,12,
1634,Canned Fish Small 155G,NULL,137,12,
1635,Canned Fish Plaza 425G,NULL,137,12,
1636,Canned Fish mychoice 425G,NULL,137,191,
1637,Canned Fish Medium 230G,NULL,137,191,
1638,Canned Fish Premier 425G,NULL,137,121,
1639,Fanta,NULL,138,3,
1640,Mountain dew 500Ml,NULL,138,22,
1641,Lime Crush 2L,NULL,138,22,
1642,Custard Powder 100G Banana,NULL,138,60,
1643,Custard Powder 100G Strawberry,NULL,138,60,
1644,Colmans Orange 20Gm,NULL,138,36,
1645,Colmans Orange 140Gm,NULL,138,36,
1646,Colmans Orange 500G,NULL,138,36,
1647,Horlicks 400G Junior,NULL,138,179,
1648,Custard Powder 100G,NULL,138,60,
1649,Sun Gold 23G Shaw Wallace,NULL,138,12,
1650,Cordial Powder,NULL,138,201,
1651,Aji No Moto 350G Shaw Wallace,NULL,139,12,
1652,Aji No Moto 15G Shaw Wallace,NULL,139,12,
1653,Aji No Moto,NULL,139,191,
1654,Pen Blue Atlas,NULL,140,188,
1655,Pen Red Atlas,NULL,140,188,
1656,Pen Black Atlas,NULL,140,188,
1657,Pencil,NULL,140,188,
1658,Duster,NULL,140,209,
1659,Pen Linc Black/Blue/Red Rs:20,NULL,140,210,
1660,Pen Linc Blue/Black/Red,NULL,140,210,
1661,Marker (Permanent),NULL,140,210,
1662,Pencil Rs:15,NULL,140,210,
1663,Kiwi Shoe Polish Black,NULL,141,134,
1664,Kiwi Shoe Liquid 75Ml,NULL,141,189,
1665,Kiwi Shoe Polish 14G,NULL,141,189,
1666,Kiwi Shoe Polish Brown,NULL,141,134,
1667,Sambrani  50G Sapumal/Thulashi,NULL,142,51,
1668,Sambrani Cup,NULL,142,192,
1669,Sambrani Hand Bra,NULL,142,192,
1670,Sambrani Sugam,NULL,142,192,
1671,Omam,NULL,142,192,
1672,Lunch Box 1,NULL,143,50,
1673,Lunch Box Aluminum,NULL,143,206,
1674,Saving Cream Gillette 98G,NULL,144,52,
1675,Saving Cream Dettol Cool 70G,NULL,144,151,
1676,Saving Cream Dettol Fresh 70G,NULL,144,151,
1677,Saving Cream Black & Knight 50G,NULL,144,130,
1678,Saving Foam Sensitive,NULL,144,197,
1679,Shave Wash 2In1,NULL,144,75,
1680,Paper Plate,NULL,145,50,
1681,Spoon 1(S) Ram,NULL,146,50,
1682,Spoon 1(L) Ram,NULL,146,50,
1683,Fork,NULL,146,50,
1684,Fork,NULL,146,50,
1685,Straw (F) White 100 Ram,NULL,147,50,
1686,Straw Colour 60 Ram,NULL,147,50,
1687,Green Gram,NULL,148,191,
1688,Ulundu(Urid Seed),NULL,148,191,
1689,Cowpea-White,NULL,148,191,
1690,Horse Gram (Kollu),NULL,148,191,
1691,Green Peas Dry,NULL,148,191,
1692,Cowpea-Red,NULL,148,191,
1693,Peanut,NULL,148,191,
1694,Green Peas Frozen,NULL,148,191,
1695,Gram (Medium Kadala),NULL,148,191,
1696,Gram(Jumbo) Mexican,NULL,148,191,
1697,Navathaniyam,NULL,148,191,
1698,Cowpea-Black,NULL,148,191,
1699,Motchai Beans Packet 1Kg,NULL,148,192,
1700,Ulundhu(Udhayam),NULL,148,192,
1701,Soya Beans 1Kg,NULL,148,192,
1702,Kidney Beans red,NULL,148,192,
1703,Gram Dhal,NULL,149,191,
1704,Dhal  (No:1),NULL,149,191,
1705,Yellow Dhal,NULL,149,191,
1706,Watana (Aus),NULL,149,191,
1707,Dhal,NULL,149,191,
1708,Barely,NULL,149,191,
1709,Barly 250G Kotmale,NULL,149,191,
1710,Pottu Gram,NULL,149,192,
1711,Green Gram Dhall 1Kg,NULL,149,192,
1712,Toor Dhal,NULL,149,192,
1713,Green Gram Dhal,NULL,149,192,
1714,Potato N-Eliya Large,NULL,150,191,
1715,Potato N-Eliya Medium,NULL,150,191,
1716,Big Onion Pakistan,NULL,151,191,
1717,Red Onion,NULL,151,191,
1718,Garlic,NULL,152,191,
1719,Dates,NULL,152,192,
1720,Garlic Powder 50G,NULL,152,107,
1721,Ginger,NULL,153,191,
1722,Ginger Powder Tin 60G,NULL,153,107,
1723,Chicken Masala Wijaya 50G,NULL,44,20,
1724,Chicken Masala Freelan,NULL,154,20,
1725,Chili Powder Wijaya 250g,NULL,154,20,
1726,Chili Powder Wijaya 100g,NULL,154,20,
1727,Chili Powder Wijaya 50g,NULL,154,20,
1728,Dry Chili,NULL,154,191,
1729,Butter Chili,NULL,154,192,
1730,Aftershave Black Knight 100Ml,NULL,155,130,
1731,Aftershave Black Knight 100Ml (N),NULL,155,130,
1732,Sago Seed,NULL,155,191,
1733,Kithul Treacle 750Ml MD,NULL,156,184,
1734,Kithul Treacle 350Ml MD,NULL,156,184,
1735,Kithul Jaggery 1Kg,NULL,156,191,
1736,Wattu Jaggery 1Kg,NULL,156,191,
1737,Kithul Jaggery 1Kg No-01,NULL,156,191,
1738,Vattu Jaggery 1Kg,NULL,156,192,
1739,Lime Crush 1L,NULL,157,54,
1740,Lemonade 1L,NULL,157,54,
1741,Lemonade 2L,NULL,157,42,
1742,Soda,NULL,157,191,
1743,Gamboge (Goraga),NULL,158,191,
1744,Tamarind,NULL,158,191,
1745,Gamboge Paste (Goraga) 250G Nikado,NULL,158,191,
1746,Gamboge Paste (Goraga) 100G,NULL,158,191,
1747,Gamboge Paste (Goraga )Ma'S,NULL,158,107,
1748,Bread Finagle,Bread Finagle,160,78,
1749,Hair Gel 4G,NULL,161,172,
1750,Hair Gel Gold 100Ml,NULL,161,172,
1751,Hair Gel 30Ml Strong Hold,NULL,161,219,
1752,Hair Gel 30Ml Wet Look,NULL,161,219,
1753,Hair Gel 100Ml Wet Look,NULL,161,219,
1754,Corn Flakes (Real Honey) 125g,NULL,162,169,
1755,Corn,NULL,162,191,
1756,Pepper Corn,NULL,162,191,
1757,Sweet Coming 100G (Fennel),NULL,163,31,
1758,Cumin Seed 100G,NULL,163,31,
1759,Cumin Seeds,NULL,163,191,
1760,Mustard Seeds,NULL,163,191,
1761,Dill Seeds(Fenugreek),NULL,163,191,
1762,Sweet Cummins  (Fennel),NULL,163,191,
1763,Coriander Seeds,NULL,163,121,
1764,Cardamon & Glous 5G,NULL,163,191,
1765,Ulundu (Urid Seed Black),NULL,163,191,
1766,Sesame Seed White,NULL,163,192,
1767,Sesame Seed Black,NULL,163,192,
1768,Icing Sugar 250G,NULL,164,60,
1769,Sugar German,NULL,164,191,
1770,Sugar (Packet),NULL,164,191,
1771,Brown Sugar,NULL,164,191,
1772,Solo,NULL,164,75,
1773,Rat Kill 14G,NULL,165,36,
1774,Mortein 400Ml Red,NULL,165,36,
1775,Hair Cream Gold 100Ml,NULL,166,172,
1776,Hair Cream 4G,NULL,166,172,
1777,Hair Cream Black Knight 100Ml,NULL,166,130,
1778,Hair Cream Black Knight 30Ml,NULL,166,97,
1779,Candy Sugar,NULL,167,192,
1780,Panangkatkandu 100G (Palmyrah),NULL,167,192,
1781,Garlic Muremium 250Gm Pcket,NULL,168,192,
1782,Garlic Save 250G,NULL,168,192,
1783,Mixture 01Kg Indian,NULL,168,192,
1784,Mixture  20G (Rs:10),NULL,168,194,
1785,Mixture  45G (Rs:20),NULL,168,194,
1786,Mixture  100G (Rs:50),NULL,168,194,
1787,Mixture  120G (Rs:65),NULL,168,194,
1788,Mixture  180G (Rs:100),NULL,168,194,
1789,Mixture 18G (Rs:35),NULL,168,194,
1790,Goya Perfume 2.5Ml,NULL,169,172,
1791,Cool Perfume 2.5Ml,NULL,169,172,
1792,Cologne Passy,NULL,169,192,
1793,Cologne Absolute Blue 22Ml,NULL,169,192,
1794,Chicken Seas Powder 8G,NULL,170,100,
1795,Curry Powder Wijaya 250g,NULL,170,20,
1796,Curry Powder Wijaya 100g,NULL,170,20,
1797,Curry Powder Wijaya 50g,NULL,170,20,
1798,Turmeric Powder  Wijaya 100G,NULL,170,20,
1799,Biriyani Mix 60G - Shan,NULL,170,192,
1800,Tandoori Chicken Masala 100Gm,NULL,170,192,
1801,Sambar Powder 50Gm,NULL,170,192,
1802,Rasam Powder 50G,NULL,170,192,
1803,Biriyani Mix 50G - Shakti,NULL,170,192,
1804,Garam masala 50G,NULL,170,192,
1805,Aachi Masala 500G,NULL,170,192,
1806,Chat Masala 100G,NULL,170,192,
1807,Chicken Masala 50G,NULL,170,192,
1808,Tandoori Chicken Masala 50G,NULL,170,192,
1809,Aachi Masala 200G,NULL,170,192,
1810,Chat Masala 50G,NULL,170,192,
1811,Tandoori Masala 50G,NULL,170,107,
1812,Biriyani Masala 50G - Ma'S,NULL,170,107,
1813,Biriyani Paste 50G - Ma'S,NULL,170,107,
1814,Fried Rice Mix,NULL,170,107,
1815,Nasi Goreng Paste 50G Ma'S,NULL,170,107,
1816,Pickle Lime 410G MD,NULL,171,184,
1817,Pickle Lime 100G,NULL,171,191,
1818,Pickle Lime 400G,NULL,171,191,
1819,Pickle Lime,NULL,171,191,
1820,Pickle Packet,NULL,171,192,
1821,Pickle Garlic 300G,NULL,171,192,
1822,Pickle Mango 300G,NULL,171,192,
1823,Pickle Lime 400G Indian,NULL,171,192,
1824,Pickle Veg Mix 400G,NULL,171,192,
1825,Sameya (Vermicelli) Mtr 900Gm,NULL,172,192,
1826,Robin Blue,NULL,173,36,
1827,Ujala Blue 75Ml,NULL,173,192,
1828,Ujala 250Ml,NULL,173,192,
1829,Soan Papdi 250G,NULL,174,192,8'91E+12
1830,Soan Papdi 100G,NULL,174,192,8'91E+12
1831,Laddu [Sweet],NULL,174,192,
1832,Saffron (Kungumam Poo),NULL,174,192,
1833,Sandanam table large,NULL,175,192,
1834,Sandanam tablet small,NULL,175,192,
1835,Camphor(Soodam),NULL,175,195,
1836,Doyleys Paper 155Mm-250P,NULL,176,30,
1837,Chefs Het (Cap),NULL,176,50,
1838,Paper Bag Small,NULL,176,50,
1839,Paper Bag Medium,NULL,176,227,
1840,Paper Bag Large,NULL,176,50,
1841,Lunch Box Cardboard,NULL,176,50,
1842,Dimai Paper,NULL,176,191,
1843,Oil Paper,NULL,176,191,
1844,Paper (News),NULL,176,191,
1845,Glass Paper 1,NULL,176,191,
1846,Printer Roll,NULL,176,206,
1847,A4 Paper,NULL,176,209,
1848,Tampin,NULL,176,209,
1849,Cartridges,NULL,176,209,
1850,Box File,NULL,176,209,
1851,Mango Pieces 560G,NULL,177,184,
1852,Pineapple Pieces 560G,NULL,177,184,
1853,Desiccated Coconut,NULL,178,191,
1854,Coconut,NULL,178,191,
1855,Nut Mack-1,NULL,179,191,
1856,Jumbo Peanut 90G,NULL,179,81,
1857,Jumbo Peanut 18G,NULL,179,81,
1858,Jumbo Peanut 50G,NULL,179,81,
1859,Jumbo Peanut 50G Chili,NULL,179,81,
1860,Jumbo Peanut 90G,NULL,179,81,
1861,Jumbo Peanut 185G,NULL,179,81,
1862,Jumbo Peanut Chili 90G,NULL,179,81,
1863,Gripe Mix Water 180 ML,NULL,180,75,
1864,Gripe Mix Water 100Ml,NULL,180,75,
1865,Glass U10,NULL,181,208,
1866,Soup Cup,NULL,181,208,
1867,Basin,NULL,181,208,
1868,Chow Chow 490G MD,NULL,182,184,
1869,Cinnamon Stick,NULL,183,191,
1870,Cinnamon Powder 60G,NULL,183,107,
1871,Candles(L),NULL,184,14,
1872,Candles (S),NULL,184,14,
1873,Birth Day Candles,NULL,184,206,
1874,Sponge,NULL,185,191,
1875,Steel Wool,NULL,185,191,
1876,Supirivicky Tooth Powder 18G,NULL,186,180,
1877,Danta muitang Tooth Powder,NULL,186,200,
1878,Plums,NULL,187,191,
1879,Dates No 01Box,NULL,187,192,
1880,Yeast(L) 500G Mauripan Instant,NULL,188,201,
1881,Yeast 500G Prime,NULL,188,201,
1882,Yeast 12G,NULL,188,201,
1883,Icing Sugar 500G,NULL,189,153,
1884,Icing Sugar 2.5Kg Prime,NULL,189,201,
1885,Topping Chocolate 1.2Kg,NULL,190,232,
1886,Topping Strawberry 270Ml,NULL,190,167,
1887,Topping Chocolate 270Ml,NULL,190,167,
1888,Golden Syrup 500G,NULL,191,167,
1889,Golden Syrup 990G,NULL,191,167,
1890,Asafoetida Powder 100Gm,NULL,192,192,
1891,Asafoetida,NULL,192,192,
1892,Lasangani Sheet 500G,NULL,194,30,
1893,Tulips Rs:5,NULL,195,173,
1894,Tulips Rs:10,NULL,195,173,
1895,Plaster Dettol,NULL,196,36,
1896,Paspanguwa 25G,NULL,197,110,
1897,Paspangu R/P,NULL,197,215,
1898,Gas T Joint,NULL,198,160,
1899,Gas T Joint Rs:225,NULL,198,160,
1900,Gas Lighter Rs:150,NULL,198,160,
1901,Gas Ignition Cored Rs:250,NULL,198,160,
1902,Gas Burner Rs:600,NULL,198,160,
1903,Gas Burner Rs:850,NULL,198,160,
1904,Gas Burner Rs:875,NULL,198,160,
1905,Gas Burner,NULL,198,160,
1906,Gas Burner Rs:1050,NULL,198,160,
1907,Gas Burner Rs:1100,NULL,198,160,
1908,Gas Burner Rs:910,NULL,198,160,
1909,Gas Burner Rs:250,NULL,198,160,
1910,Gas Burner Rs:300,NULL,198,160,
1911,Gas Burner Rs:110,NULL,198,160,
1912,Gas Burner Rs:750,NULL,198,160,
1913,Gas Burner Rs:125,NULL,198,160,
1914,Gas Burner Rs:675,NULL,198,160,
1915,Gas Burner Rs:575,NULL,198,160,
1916,Gas Burner Rs:455,NULL,198,160,
1917,Gas Burner Rs:490,NULL,198,160,
1918,Gas Burner Rs:520,NULL,198,160,
1919,Gas Burner Rs:700,NULL,198,160,
1920,Gas Burner Rs:725,NULL,198,160,
1921,Gas Burner Rs:560,NULL,198,160,
1922,Gas Burner Rs:540,NULL,198,160,
1923,Gas Burner Rs:460,NULL,198,160,
1924,Gas Burner Rs:550,NULL,198,160,
1925,Gas Burner Rs:410,NULL,198,160,
1926,Gas Burner Rs:390,NULL,198,160,
1927,Gas Burner Rs:350,NULL,198,160,
1928,Gas Burner Rs:425,NULL,198,160,
1929,Gas Burner Rs:510,NULL,198,160,
1930,Gas Burner Rs:1540,NULL,198,160,
1931,Gas Burner Rs:590,NULL,198,160,
1932,Gas Burner C10,NULL,198,160,
1933,Gas Burner C50,NULL,198,160,
1934,Gas Burner C40,NULL,198,160,
1935,Gas Burner C30,NULL,198,160,
1936,Gas Burner Rs:1200,NULL,198,160,
1937,Gas Burner Rs:70,NULL,198,160,
1938,Gas Burner Rs:210 Middle,NULL,198,160,
1939,Gas Burner Rs:290,NULL,198,160,
1940,Gas Burner Rs:160 Middle,NULL,198,160,
1941,Gas Burner Rs:150,NULL,198,160,
1942,Gas Burner Rs:240 Middle,NULL,198,160,
1943,Gas Connector 1/2 Rs:500,NULL,198,160,
1944,Gas Connector 1/4 Rs:500 Outthered,NULL,198,160,
1945,Gas Connector 1/2,NULL,198,160,
1946,Gas Connector,NULL,198,160,
1947,Gas Connector Rs:360,NULL,198,160,
1948,Gas Tap C10 Rs;425,NULL,198,160,
1949,Prestige Wisel Rs:390,NULL,198,160,
1950,Gas Nack C50,NULL,198,160,
1951,Gas Nack C40,NULL,198,160,
1952,Gas Nack C30,NULL,198,160,
1953,Gas Ignition,NULL,198,160,
1954,Gas Ignition Rs:975,NULL,198,160,
1955,Safety Vale Rs:80,NULL,198,160,
1956,Regulator Low Pressure,NULL,198,160,
1957,Regulator Car,NULL,198,160,
1958,Pilat High Pressure,NULL,198,160,
1959,Gas Connector Rs:400,NULL,198,160,
1960,Gas Connector Rs:350,NULL,198,160,
1961,Gas House Red 1M,NULL,198,160,
1962,Gas House White 1M,NULL,198,160,
1963,Kothu Spoon Pair,NULL,198,160,
1964,Kothu Plate,NULL,198,160,
1965,Gas Tap C10 Rs;350,NULL,198,160,
1966,Gas Cooker Stand Oval Rs:425,NULL,198,160,
1967,Gas Cooker Stand Round Rs:360,NULL,198,160,
1968,Gas Cooker Stand Square Rs:450,NULL,198,160,
1969,Gas Cooker Stand Soneyo Rs:350,NULL,198,160,
1970,Gas Cooker Plte Rs:210,NULL,198,160,
1971,Gas Cooker Stand H.P,NULL,198,160,
1972,Gas Burner Rs:1175,NULL,198,160,
1973,Gas T Joint Rs:180,NULL,198,160,
1974,Gas 4 Way Joint Rs:400,NULL,198,160,
1975,Gas Connector Rs:250,NULL,198,160,
1976,Gas Cooker Stand C30,NULL,198,160,
1977,Gas Knob Rs:110,NULL,198,160,
1978,Gas Lag (4) Rs;150,NULL,198,160,
1979,Prestige Hanl Rs:150,NULL,198,160,
1980,Prestige Gas Cut Rs:125,NULL,198,160,
1981,Prestige Gas Cut Rs:225,NULL,198,160,
1982,Gas Clip,NULL,198,160,
1983,Gas Knob Rs:230,NULL,198,160,
1984,Gas Burner :Rs 940,NULL,198,160,
1985,Gas Knob Rs:280,NULL,198,160,
1986,Gas Fighlat Set,NULL,198,160,
1987,Gas Cooker Stand C40,NULL,198,160,
1988,Gas Lighter No-1,NULL,198,160,
1989,Gas Hammer 60,NULL,198,160,
1990,Kothu Trible,NULL,198,160,
1991,Gas Burner C10 Trible : 5250,NULL,198,160,
1992,Gas Ball Vel 4/1',NULL,198,160,
1993,Gas Cooker Stand Round,NULL,198,160,
1994,Gas Cooker Stand C50,NULL,198,160,
1995,Regulator High Pressure,NULL,198,160,
1996,Gas Ball Vel Brass 1/2',NULL,198,160,
1997,Gas Tap C30/C40/C50,NULL,198,160,
1998,Gas Cooker H.P Spoon,NULL,198,160,
1999,Gas Cooker H.P,NULL,198,160,
2000,Gas Frying Pan (Thachchi),NULL,198,160,
2001,Gas Burner H/P Top (ML),NULL,198,160,
2002,Gas Burner H/P Top (Ch),NULL,198,160,
2003,Gas Connector 1/4 Rs:500 Inthered,NULL,198,160,
2004,Kothu Double,NULL,198,160,
2005,Gas Burner,NULL,198,160,
2006,Gas Burner Rs:740,NULL,198,160,
2007,Gas Burner Rs:950,NULL,198,160,
2008,Gas Knob Rs:145,NULL,198,160,
2009,Gas Burner Rs:895,NULL,198,160,
2010,Gas Cooker Stand,NULL,198,160,
2011,Gas Cooker Stand,NULL,198,160,
2012,Gas Connect Pipe(L),NULL,198,160,
2013,Gas Knob Rs:175,NULL,198,160,
2014,Grinder Blade Holder,NULL,198,160,
2015,Gas Cooker Stand,NULL,198,160,
2016,Gas Leg,NULL,198,160,
2017,Gas Z Joint Rs:180,NULL,198,160,
2018,Gas L Joint Rs:400,NULL,198,160,
2019,Gas Burner Rs;820,NULL,198,160,
2020,Gas Burner Rs;1150,NULL,198,160,
2021,Gas Connecter Rs;450,NULL,198,160,
2022,Gas Ball Val 4/3,NULL,198,160,
2023,Gas Re/Tar Connecter,NULL,198,160,
2024,Gas Burner Rs:225,NULL,198,160,
2025,Gas Burner Rs:270,NULL,198,160,
2026,Gas Burner Rs:500,NULL,198,160,
2027,Gas Fighlat,NULL,198,160,
2028,Gas Knob Rs:50,NULL,198,160,
2029,Gas Tap Line,NULL,198,160,
2030,Gas Burner Singer,NULL,198,160,
2031,Gas Burner Middle China,NULL,198,160,
2032,Gas Burner Rs: 400,NULL,198,160,
2033,Gas Knob Rs:85,NULL,198,160,
2034,Gas Burner Rs:175.00,NULL,198,160,
2035,Gas Connector Long Rs:180,NULL,198,160,
2036,Gas Cut 7.5/10/12 Litres,NULL,198,160,
2037,Gas Cut 5/6/6.5 Litres,NULL,198,160,
2038,Gas Cut 3/4 Litres,NULL,198,160,
2039,Gas Burner Rs:980,NULL,198,160,
2040,Gas Burner Rs:700,NULL,198,160,
2041,Gas Cooker Stand Round Rs:500,NULL,198,160,
2042,Ice Cones (S) W/S,NULL,199,204,
2043,Ice Cones (L) W/S,NULL,199,204,
2044,Rose Syrup 750Ml,NULL,200,167,
2045,Nivaran 90,NULL,200,180,
2046,Valmelix Syrup 100 ML,NULL,200,75,
2047,Rat Gum,NULL,201,206,
2048,Playing Card,NULL,202,206,
2049,Cellophane-2',NULL,203,188,
2050,Cellophane-1',NULL,203,188,
2051,Ball,NULL,203,191,
2052,Ice Cube,NULL,204,117,
2053,Yoghurt Spoon,NULL,204,50,
2054,Bucket,NULL,205,209,
2055,Super Glue,NULL,206,188,
2056,Pattu 2M,NULL,207,192,
2057,Mortein 400Ml Black,NULL,208,36,
2058,Mortein 250ML Black,NULL,208,36,
2059,Mortein 600Ml,NULL,208,36,
2060,Mortein Coil,NULL,208,36,
2061,Baygon 600Ml,NULL,208,36,
2062,Mortein Liquid Refill 45Ml,NULL,208,36,
2063,Mortein Vaporizer,NULL,208,36,
2064,Rat kill,NULL,208,36,
2065,Mortein Liquid Refill 35Ml,NULL,208,6,
2066,Baygon Aerosal Spray 300Ml,NULL,208,52,
2067,Bread(Crust Top ),NULL,209,78,
2068,Bread Crum,NULL,209,191,
2069,Bread Crum No-01,NULL,209,191,
2070,Cutlet,NULL,211,171,
2071,Spring Roll Sheets (50*1),NULL,211,171,
2072,Fems,NULL,212,172,
2073,Whisper,NULL,212,179,
2074,Whisper Regular /Heavy Flow Wings,NULL,212,52,
2075,Eva,NULL,212,219,
2077,"COOKIES GINGER,BUTTER,CHOCOLATE 100G",NULL,14,125,
2078,Hopper Mixture 400G - Alli,NULL,45,40,
2079,Idly Mix 400G Alli,NULL,45,84,
2080,"Maggi chicken,curry,daiya noodlish",NULL,33,100,
2082,Vinter cool/ Tata gen,NULL,115,180,
2083,Pattu 1 M,NULL,207,192,
2084,Rin 35g,NULL,18,123,
2085,Tomato paste 425G,NULL,35,30,
2086,Kiddos 160ml,NULL,80,11,
2087,Sunsilk 700 ml,NULL,20,123,
2088,Bubbles 30g,NULL,15,125,
2089,Gulab jamun mix,NULL,174,165,
2090,hapima,NULL,170,165,
2091,Washing liquid 5L,NULL,103,39,
2092,Mortein 250ml red,NULL,208,151,
2093,Tomato sauce 405g edi,NULL,54,167,
2094,Lux prom,NULL,17,123,
2095,Airwick gel peachy,NULL,134,151,
2096,Sunquick 700 ml,NULL,93,219,
2097,Develed mix knr,NULL,64,123,
2098,Chicken curry mix knr,NULL,64,123,
2099,Briyani mix knr,NULL,64,123,
2100,Nasi goring mix knr,,64,232,
2101,Lifeboy prom 100g*2,NULL,17,123,
2102,Kidney beans white,NULL,148,192,
2103,Oil fortune sunflower 2l,NULL,48,217,
2104,Oil fortune sunflower 5l,,48,217,
2105,Cerelac mul grdn veg 250g,NULL,32,100,
2106,Curry mix Maggi 500 g,NULL,64,100,
2107,Ginger preserve 340 g,NULL,35,99,
2108,Maggi 2 minn chicken,NULL,33,100,
2109,Juice apple red,NULL,121,117,
2110,Aji no moto 35 g shaw wallace,NULL,139,12,
2111,Clear men 200 ml,NULL,20,123,
2112,Kottu kottu 70g,NULL,56,13,
2113,Coconut oil 1/2 B,Coconut  oil1B,48,191,
2114,Dove 180 Ml,Dove 180 Ml,20,123,
2119,Cordial Bali 750Ml Md,Cordial Bali 750Ml Md,93,184,
2120,Coconut Oil 1/4 B,Coconut Oil 1/4 B,48,197,
2121,Face Wash Ponds Pure White,Face Wash Ponds Pure White,122,123,
2122,Coconut Milk 250Ml Sera,Coconut Milk 250Ml Sera,136,13,
2123,Gillete Mach 3 (Blade*8),Gillete Mach 3 (Blade*8),89,52,
2124,Pampers Pants L,Pampers Pants L,90,52,
2125,Garbage Bag Xxl,Garbage Bag Xxl,38,6,
2126,Led 3.5W,Led 3.5W,30,52,
2127,Led Orange 5W Pin,Led Pin Type 5W,30,207,
2128,Hopper Mix 400G Mdk,Hopper Mix 400G Mdk,45,171,
2129,Thosai Mix 400G Mdk,Thosai Mix 400G Mdk,45,171,
2130,Pineapple Flower,,44,191,
2132,Vicks 5ML,Vicks 5ML,115,52,
2133,Coconut Cream Premium 1L,Coconut Cream Premium 1L,136,222,
2134,Coconut Cream Whole Nut 1L,Coconut Cream Whole Nut 1L,136,222,
2135,Apple Splash 1L,Apple Splash 1L,121,222,
2136,Mango Splash 1L,Mango Splash 1L,121,222,
2137,Mandarin Splash 1L,Mandarin Splash 1L,121,222,
2138,Mixed Friut Splash 1L,Mixed Friut Splash 1L,121,222,
2139,Vinegar Alice 1L,Vinegar Alice 1L,25,222,
2140,Rasam Cream Cup 90G Freelan,Rasam Cream Cup 90G Freelan,35,20,
2141,Moldive Fish Sambol 44G,Moldive Fish Sambol 44G,105,136,
2142,Cake Cup-White 9.5Cm,Cake Cup-White 9.5Cm,43,30,
2143,Canned Fish 2.840 Kg Edin,Canned Fish 2.840 Kg Edin,137,167,
2144,Coconut Oil 5L,Coconut Oil 5L,48,222,
2145,Pistachio 250G,Pistachio 250G,148,192,
2146,Papadam Amami 100G,Papadam Amami 100G,57,211,
2147,Noodles Prima Stella,Noodles Prima Stella,33,78,
2148,Idly Mix 400G Nikado,Idly Mix 400G Nikado,45,211,
2149,Gas Cut,Gas Cut,198,160,
2150,Tic Tac Small,Tic Tac Small,41,38,
2151,Tic Tac Large,Tic Tac Large,41,38,
2152,Surf Excel Matic Liqiud,Surf Excel Matic Liqiud,103,123,
2153,Surf Excel Matic Liquid 500Ml,Surf Excel Matic Liquid 500Ml,103,123,
2154,Malay Pickle 375G,Malay Pickle 375G,171,184,
2155,Tomato Ketchup 09G,Tomato Ketchup 09G,52,30,
2156,Under Eye Cream 15Ml,Under Eye Cream 15Ml,59,138,
2157,Aloe M/Foot Care Cream 50Ml,Aloe M/Foot Care Cream 50Ml,59,138,
2158,Gas Fighlat Set China,Gas Fighlat Set China,198,160,
2160,Noodles Rice Vermicelli 500G,Noodles Rice Vermicelli 500G,33,30,
2161,Essences Pineapple 28ML,Essences Pineapple 28ML,87,60,
2162,Vaslin 100G,Vaslin 100G,59,123,
2163,Viboothi 25,Viboothi 25,104,191,
2164,Anchor Life Milk Powder 310G,Anchor Life Milk Powder 310G,32,15,
2165,Gas Hose High Pressure 01 M,Gas Hose High Pressure 01 M,198,160,
2166,Bag Go Green,Bag Go Green,38,206,
2167,Bassmati Mister Chef,Bassmati Mister Chef,97,191,
2168,Icing Sugar 2.4 Delmege,Icing Sugar 2.4 Delmege,189,60,
2169,Coconut -Rs 75,Coconut -Rs 75,178,191,
2170,Honey Dabur 1kg,Honey Dabur 1kg,111,57,
2171,Bic Lady Paste,Bic Lady Paste,89,90,
2172,Charcoal Prima BBQ,Charcoal Prima BBQ Briquette,119,224,
2173,Sunlight powder 600g,Sunlight powder 600g,18,123,
2174,Honey Dabur 250g ,Honey Dabur 250g,111,192,
2175,Chicken Bacon 165g,Chicken Bacon 165g,23,78,
2176,Cheese Milca 100g Slices,Cheese,42,117,
2177,Coconut Oil Marina 675ml,Cocount oil,109,137,
2178,Ghee Oil 175ML - No-1,Ghee Oil 175ML - No-1,49,193,
2179,Papadam Nikado,Papadam Nikado,57,211,
2180,Jujubes 100G,Jujubes 100G,41,203,
2181,Big Onion Indian,Big Onion Indian,151,191,
2182,Peppermint 15G,Peppermint 15G,41,203,
2183,Chicken Mini Kievs Prima,Chicken Mini Kievs Prima,23,78,
2184,Aftershave Black Knight 50ML,Aftershave Black Knight 50ML,155,219,
2185,Dry fish thoru,Dry fish thoru,105,63,
2186,Meadowlea 100G,Meadowlea 100G,61,156,
2187,Tomato Peeled,Tomato Peeled,35,167,
2188,Light Coke,Light Coke,157,167,
2189,HAM,HAM,23,78,
2190,Chicken Mini kievs 500g,Chicken Mini kievs 500g,106,78,
2191,Chicken Bockwurst 1kg,Chicken Bockwurst 1kg,23,78,
2192,Potato Indian,Potato Indian,150,44,
2193,Ham150g,Ham 150g,23,78,
2194,Chicken Kievs 1kg,Chicken Kievs 1kg,106,78,
2195,Sunquick P/fruit 840,Sunquick P/fruit 840,93,134,
2196,Pepper Powder  Ruhunu 25g,Pepper Powder 25g Ruhunu,44,43,
2197,Coconut Cream Premium 330ml,Coconut Cream Premium 330ml,136,222,
2198,Scrab,Scrab,47,89,
2199,Cheese Ball - Yellow,Cheese Ball - Yellow,42,29,
2200,Chicken Bacon 01kg,Chicken Bacon 01kg,23,78,
2201,Cashewnut Eravur,Cashewnut Eravur,125,206,
2202,Sunquick  Mandarine 2L,Sunquick Mandarine  2L,93,81,
2203,Tea Bag Zesta 100,Tea Bag 100 Zesta,19,235,
2204,Rani Soap 20g Hotel,NULL,17,154,
2205,Milk maid can,NULL,75,76,
2206,Essence Vanilla 28ml Delmege,NULL,87,60,
2207,Jam Orange Marmalede Franciscan,Jam Orange Marmalede Franciscan,24,191,
2208,Mustard cream 165g,Mustard cream 165g,36,167,
2209,Cream Soda 2L Pet,Cream Soda 2L Pet,157,54,
2210,Elephant House Ginger Beer 2L Pet,Elephant House Ginger Beer 2L Pet,157,54,
2211,Vaseline Intensive care,Vaseline Intensive care,59,123,
2212,Led Orange 3.5W Pin,NULL,30,207,
2213,Water 500ml Aquo,Water 500ml Aquo,74,22,
2214,Spaghetti 400g Roza,Spaghetti 400g Roza,33,191,
2215,Kool Kool 4kg,Kool Kool 4kg,138,191,
2216,Royal White Raw 01kg,Royal White Raw 01kg,97,105,
2217,Custard Cream 240g,Custard Cream 240g,14,125,
2218,Tea Bag  Ceylonta 100,Tea Bag 100 Ceylonta,19,123,
2219,"Cumin powder 100g mas""","Cumin powder 100g mas""",44,107,
2220,Kitchen Towel ,Kitchen Towel ,176,79,
2221,Baked Beans 400g Edi,Baked Beans 400g Edi,94,167,
2222,Bee Honey (15g),Bee Honey (15g),111,167,
2223,Oil Fortune Sunflower 1l,Oil Fortune Sunflower 1l,48,217,
2224,Sunquick Mandarine 840ml,Sunquick Mandarine 840ml,93,81,
2225,Tomato Paste  (top),,35,92,
2226,Mixture 250g (200.00),Mixture 250g (200.00),168,194,
2227,String Hopper Wheat Flour Prima,String Hopper Wheat Flour Prima,56,78,
2228,String Hopper Flour White 700g,String Hopper Flour White 700g,56,171,
2229,String Hopper Flour Red 700g,String Hopper Flour Red 700g,56,80,
2230,Scrab (L),Scrab (L),47,89,
2231,Coca-Cola 1.5L Pet,Coca-Cola1.25L Pet,37,3,
2232,Comfortl Anti Bac 200ml,NULL,103,123,
2233,Red Cow 1Kg,Red Cow 1Kg,32,15,
2234,Red Cow 400g,Red Cow 400g,32,15,
2235,Swastha Amurtha 4G,Swastha Amurtha 4G,65,110,
2236,Jelly Straw+Mix (2+1) Delmege,NULL,26,60,
2237,Bun Improver 750g,NULL,45,201,
2238,Calcium Propionate 500g,NULL,45,201,
2239,Maliban Malt 400g,NULL,32,91,
2240,Anchovy Fillet 50g,NULL,35,30,
2241,Mixture 500g,NULL,168,191,
2242,Oyster Sauce 385g Edi,Oyster Sauce 385g Edi,52,167,
2243,Fish Sauce 350ml Edi,Fish Sauce 350ml Edi,52,167,
2244,Jam Mango 450g,Jam Mango 450g,24,167,
2245,Khomba shampoo 90ml,Khomba shampoo 90ml,20,154,
2246,Powder Khomba baby 100g,Powder Khomba baby 100g,65,154,
2247,Baby Soap 90g Khomba,Baby Soap 90g Khomba,17,154,
2248,Lunch Box Cardboard (L),NULL,143,50,
2249,Coca-Cola 400Ml Zero,NULL,37,3,
2250,Sprite 400Ml Zero,NULL,37,3,
2251,Honey 500g East West,NULL,111,30,
2252,Colouring Black  Redmen 28ml,NULL,86,92,
2253,Colouring Cochineal Red men 28ML,NULL,86,92,
2254,Nadu Asiri,NULL,97,228,
2255,Badabath Asiri,NULL,97,228,
2256,Fair &lovely with facewash,NULL,59,8,
2257,Coconut oil 325ml sm,NULL,48,222,
2258,Oil Gold Sunflower 1L,NULL,48,206,
2259,Colouring Apple Green Redmen 28Ml,,86,92,
2260,Colouring Blue Redmen 28Ml,NULL,86,92,
2261,Colouring Egg yellow Redmen 28Ml,NULL,86,92,
2262,Colouring Rose Pink Redmen 28Ml,,86,92,
2263,Essence Biriyani 28Ml Redmen,NULL,87,92,
2264,Essence Strawberry 28Ml Redmen,NULL,87,92,
2265,Perl White Dish Wash 500ml,NULL,103,154,
2266,Sugar Indian,NULL,164,165,
2267,Sausages Kochchi 200G Keells,NULL,23,5,
2268,Sensodyne 70G,NULL,22,179,
2269,4Gb 20G,NULL,15,88,
2270,Led Orange 50W Pin,NULL,30,207,
2271,cream cheese,cream cheese,42,104,
2272,Khomba Baby Soap 90g Rs15 Off,NULL,17,154,
2273,Floral Disinfectant 5l,NULL,103,39,
2274,Bathi Mukunda,NULL,104,192,
2275,Chat Masala 200G,NULL,170,192,
2276,Bathi Sai Ram,NULL,104,192,
2277,Mayonnaise 3L Edinborough,NULL,52,167,
2278,Jam Strawberry 15G  real Edinbrough,NULL,24,167,
2279,Nipuna Nadu,NULL,97,242,
2280,Nipuna  Keeri Samba,NULL,97,242,
2281,Nipuna  Samba,NULL,97,242,
2282,Nipuna  White Raw,NULL,97,242,
2283,Nipuna  Red Raw,NULL,97,242,
2284,Nestomalt 400G spa,NULL,32,100,
2285,Tea Bag Zesta 25,NULL,19,235,
2286,Peaches 825G,NULL,94,30,
2287,VIP Samba - Import,NULL,97,165,
2288,Khomba Soap 70G Buy 3 get,NULL,17,154,
2289,Rani Sandalwood 100G Buy 3get rani,NULL,17,154,
2290,Rani Rose Buy 3 Get 1 FREE,NULL,17,154,
2291,Anchor Milk  Strawberry,NULL,80,15,
2292,Anchor Milk Mango,NULL,80,15,
2293,Curd 500Ml Anchor,NULL,27,15,
2294,Curd 01l Island,NULL,27,69,
2295,Chicken-leg,NULL,16,27,
2296,Icing Sugar 01kg Delmege,NULL,189,60,
2297,Chili Powder Champs 500g,NULL,44,243,
2298,Curry Powder Champs 500g,NULL,44,243,
2299,Roasted Curry Powder 250G Champs,NULL,44,243,
2300,Pepper Powder Champs 500G,NULL,44,243,
2301,Parachute  Coconut oil-100ml,NULL,60,244,
2302,Highland Butter 200G Unsalted,NULL,61,76,
2303,Milk Maid 520G,NULL,75,76,
2304,Amanda Baker Fat 15kg,NULL,45,201,
2305,Oil Golden Drop RBD/Vimal 20L,NULL,48,245,
2306,Oatees 450G,NULL,96,169,
2307,Coriander Powder 01kg (Lucky),NULL,170,136,
2308,Cumin powder 01kg (Lucky),NULL,170,136,
2309,Fruity Pebbles 110z,NULL,96,30,
2310,Yoghurt 500ml,NULL,29,199,
2311,Highland Butte 10g,NULL,61,76,
2312,Hand wash - Lifebuoy Refill 180ml,NULL,67,123,
2313,Essence Vanilla 500Ml rasaco,NULL,87,92,
2314,Fair & Some 25G Oil control,NULL,59,246,
2315,Face Wash 50G Instant F/Some,NULL,122,246,
2316,Amla Hair Oil 200Ml,NULL,60,246,
2317,Gas Ignition,NULL,198,160,
2318,Oats 400G Diamond,NULL,96,245,
2319,Macaroni Barilla Farfalle 500G,NULL,33,30,
2320,After shave Black Eagle 100ml,NULL,155,154,
2321,Black Eagle Perfume 100ml C/ M,,66,154,
2322,Lunch Box Printed,NULL,176,50,
2323,Combo 140g,NULL,14,125,
2324,Choc Shock 30g,NULL,14,125,4'79E+12
2325,Green Tea Bag Zesta,NULL,19,235,
2326,Oil Fortune Veg 2L,NULL,48,156,
2327,Mixed Spice  60G,,170,107,
2328,Nut Meg Powder 25g,NULL,170,107,
2329,Meatballs 500G Prima,NULL,107,78,
2330,Chili Pieces Champs 500g,NULL,44,243,
2331,Roasted Curry Powder 500G Champs,NULL,44,243,
2332,Pepper Powder Champs 250G,NULL,44,243,
2333,Choc Shock 90g,NULL,14,125,4'79E+12
2334,Ice-Cream Very Berry 100Ml,NULL,28,54,
2335,Ice-Cream Chock Shock 65Ml,NULL,204,54,
2336,Ice-Cream Wonder Bar Berry 60Ml,NULL,204,1,
2337,Dry Fish Keelan,NULL,105,191,
2338,Little Princess Cologne100ml,NULL,66,154,
2339,Coffee Instant - 2g*50,NULL,71,240,
2340,Chefs Het (Cap) Ladies,NULL,176,50,
2341,Badabath Rice Lucky,NULL,97,33,
2342,White Rice (Capten) Lucky,NULL,97,33,
2343,Egg Noodle 200g,NULL,33,30,
2344,Cake Swissroll 200G Little Lion,NULL,43,55,
2345,Pampers (M) Pants-20s,NULL,90,104,
2346,Pampers (L) Pants-20s,NULL,90,104,
2347,Pampers (XL) Pants-20s,NULL,90,104,
2348,Happima Fried Rice Mix,NULL,44,128,
2349,Happima Crispy Fry Mix,NULL,44,128,
2350,Nestle ' Coffee Mate 170g,NULL,71,76,
2351,Coffee Bon Aroma 1.2g,NULL,71,76,
2352,Cake Swissroll 200G L/L,NULL,43,55,
2353,Khomba Soap 4 in 1 Value Pack Save10/,,17,154,
2354,Tomato Ketchup 05KG Hellman,NULL,52,32,
2355,Lasangani Sheet 250G,NULL,194,30,
2356,Shower Cream 250Ml,,59,154,
2357,Shower Gel,NULL,59,154,
2358,Baby Oil 100Ml Khomba,NULL,60,154,
2359,Baby Shampoo 100Ml Khomba,NULL,20,154,
2360,Chili Pieces Champs 250g,NULL,44,243,
2361,Chili Powder Champs 250g,NULL,44,243,
2362,Curry Powder Champs 250g,NULL,44,243,
2363,Turmeric Powder Champs 250G,NULL,44,243,
2364,Chicken Masala Kotmale 50G,NULL,44,31,
2365,Canned Fish Jac brand 425g.,NULL,137,245,
2366,Sunlight Powder 1Kg New,NULL,18,123,
2367,Marina  Vegetable Ghee,NULL,61,137,
2368,King Coconut Water 250ml,NULL,178,222,
2369,Lacto Cream 43g,NULL,59,75,
2370,Chocolate Cream 200G,NULL,14,125,4'79E+12
2371,Cordial Nelli 750Ml Kist,NULL,93,117,
2372,Jelly Mixed Fruit 100G Delmege,NULL,26,60,
2373,Mango Chutney 200G,NULL,77,167,
2374,Coir Brush,,178,191,
2375,Cream*Khomba Baby 50Ml,NULL,59,154,
2376,Highland Ice Cream 1L Fruit&Nut,NULL,28,76,
2377,Ghee Oil 750Ml Ambewela,,49,29,
2378,Khomba Shampoo 6.5Ml,NULL,20,154,
2379,Highland Ice Cream 2L Chocolate,NULL,28,76,
2380,Highland Ice Cream 4L Cho/Straw,NULL,28,76,
2381,Lunch Sheet No-02,NULL,38,233,
2382,Bathi Dahami,NULL,124,192,
2383,Chicken Masala 35g Ma's,NULL,170,107,
2384,B.B.Q Stick 14',NULL,73,50,
2385,Ritsbury Milk 45g,NULL,15,88,
2386,Ritsbury Milk 93g,NULL,15,125,
2387,Ritsbury Cashew 45g,NULL,15,125,
2388,Ritsbury Cashew 93g,NULL,15,125,
2389,Blue berry 250g,NULL,24,167,
2390,Diamond Milk Powder 1kg,NULL,32,245,
2391,Coconut Treacle 340Ml Kist,NULL,178,117,
2392,Cling Film- 45Cm*300Cm e/w,NULL,99,248,
2393,Naphthalene Balls,NULL,203,89,
2394,Cheese Rich Life,NULL,42,12,
2395,Knor Soup 60g Save Rs:14,NULL,78,232,
2396,Pepper Powder  Champs 1KG,NULL,44,243,
2397,Nectar 200Ml Aloe Vera,NULL,138,117,
2398,Gas Burner Renga Single,NULL,198,160,
2399,Gas Burner Renga Double,NULL,198,160,
2400,Gas Burner Black,NULL,198,160,
2401,Fish Curry Powder 35g,NULL,170,72,
2402,Coffee Zara 01Kg,NULL,71,245,
2403,Stix 250G,NULL,14,125,
2404,Sun Cracker 95G,NULL,14,125,8'89E+12
2405,Milo Premix 800g,NULL,80,93,
2406,Tea Masala,NULL,19,57,
2407,Sunlight Care 120G,NULL,17,123,
2408,Chili Powder Champs 100g,NULL,44,243,
2409,Chili Powder Champs 50g,NULL,44,243,
2410,Chili Pieces Champs 100g,NULL,44,243,
2411,Chili Pieces Champs 50g,NULL,44,243,
2412,Curry Powder Champs100g,NULL,44,243,
2413,Curry Powder Champs 50g,NULL,44,243,
2414,Turmeric Powder lucky 100G,NULL,44,136,
2415,Rolls - Veg 25,NULL,106,171,
2416,Highland Ghee 180Ml,NULL,49,76,
2417,Macaroni Penne 01KG,NULL,33,30,
2418,Highland Ice Cream 1L,NULL,28,76,
2419,Tea Bogawanthalawa,NULL,19,191,
2420,Gas Burner Renga Trible,NULL,198,160,
2421,Corn Flakes 475G,NULL,96,169,
2422,Tamarind Paste 230G,NULL,35,107,
2423,Icing Sugar 2.5Kg Mauri,NULL,189,201,
2424,Dettol Liquid 01L,NULL,103,36,
2425,Jam Wood apple 450g Edi,NULL,24,167,
2426,Corn Flakes Temmy's 475g,NULL,96,117,
2427,"Chocos 250G Temmys""",NULL,96,117,
2428,Gram 100G Pkt Rs:60.00,NULL,148,191,
2429,Gram 100G Pkt Rs:70.00,NULL,148,191,
2430,Gram 100G Pkt Rs:50.00,NULL,148,191,
2431,Basmati Rice Avatar,NULL,97,121,
2432,Gas Burner H/P,NULL,198,160,
2433,Black Salt 01KG,NULL,53,192,
2434,Orange Red Powder 100G,NULL,86,192,
2435,Tea Bag  Zesta 50,NULL,19,235,
2436,Curd Richi 01L,NULL,27,69,
2437,Milca 400G,NULL,32,117,
2438,Ritsbury Peanut 93g,NULL,15,125,
2439,Ritsbury Fruit&Nut 93g,NULL,15,125,
2440,Lakspray 50G,NULL,32,11,
2441,Lakspray 100G,NULL,32,11,
2442,Chili Sauce 5Kg Edinbrough,NULL,52,167,
2443,Anchor Milk Powder 400G Gold,NULL,32,15,
2444,muesli,NULL,96,23,
2445,Cream Soda 1L,NULL,37,42,
2446,MILO 600G,MILO 600G,32,100,
2447,Cream*Baby Cheramy 50Ml Bye2save,NULL,59,172,
2448,Baby Soap 75G Cheramy Bye 2 Save15,NULL,17,216,
2449,Potato Cracker 100g,NULL,14,125,8'89E+12
2450,Biriyani Mix Knorr,NULL,170,232,
2451,Turmeric Powder Champ 500G,NULL,44,243,
2452,Pepper Powder Champ100g,NULL,44,243,
2453,Sunlight Care Liquid 1L,,103,123,
2454,Sunlight Care Liquid 600ML,NULL,103,123,
2455,Turmeric Seed,NULL,44,191,
2456,Turmeric Powder lucky 50G,NULL,44,136,
2457,Cordial Mix Fruit 360Ml Kist,NULL,93,76,
2458,Chili Powder Champs 01kg,NULL,44,243,
2459,Chili Pieces Champs 01kg,NULL,44,243,
2460,Pepper Powder Champs 50g,NULL,44,243,
2461,Oil Vanika 3l,NULL,48,137,
2462,Ritsbury Crispy  45g,NULL,15,125,
2463,Peanut Butter 325G,NULL,61,107,
2464,Corn Flake Str /Bry 275g,NULL,96,169,
2465,Macaroni Penne 400G,NULL,33,167,
2466,Macaroni Elbow 400G,NULL,33,167,
2467,Macaroni Fusilli 400G,NULL,33,167,
2468,Kasa Kasha,NULL,138,136,
2469,Oil Sunflower 500ml Marina,NULL,48,137,
2470,Baby Soap 75G Khomba Bye 2s10.00,NULL,17,154,
2471,Khomba Baby Gift Pack,,66,154,
2472,Blue Wasshing Soap,Blue Wasshing Soap,17,26,
2473,Tooth Brush Clogard S/B2Get 1free,Tooth Brush Clogard S/B2Get 1free,21,172,
2474,Polas Curry,NULL,171,191,
2475,Nan 1,NULL,32,100,
2476,Nan 2,NULL,32,100,
2477,Nan 3,NULL,32,100,
2478,Nipuna Broken Rice,Nipuna Brroken Rice,97,242,
2479,Samba Rice,NULL,97,228,
2480,Shorties 325g,,14,125,
2481,Siddhalepa oil 7ml,NULL,70,180,
2482,Dill Seed 50g Champs (Fenugreek),NULL,168,243,
2483,Mustard Seed 50g Champs,NULL,168,243,
2484,Topping Strawberry 1.2Kg,,73,232,
2485,Hair Colour khomba 10g,NULL,91,154,
2486,Tomato Sauce 4L East-West,NULL,52,30,
2487,Cake Madeira 325G,NULL,43,55,
2488,Watana (Ukran),NULL,149,191,
2489,String Hopper Flour Maharaja White,NULL,45,191,
2490,String Hopper Flour Maharaja Red,NULL,45,191,
2491,Comfort 200Ml,NULL,103,123,
2492,Oil Fortune Veg 5l,NULL,48,217,
2493,Solo S,NULL,164,75,
2494,Spring Roll Sheets (20*1),NULL,211,30,
2495,Ghee Q.B.B 400G,NULL,49,30,
2496,yeast 2in1,NULL,188,201,
2497,Simas margarine 15g,NULL,188,201,
2498,Delima margarine 15Kg,NULL,61,201,
2499,Coconut Milk Powder 1Kg Marina,NULL,79,137,
2500,Mango Chutney 470g,NULL,77,24,
2501,Fruit Salad,NULL,177,30,
2502,Mango Chutney 460GKist,NULL,77,117,
2503,Oil Vimal Veg 03L,NULL,48,170,
2504,Sponchi Mix 2.5Kg,NULL,45,201,
2505,Tea Bag Kotagala 100,NULL,19,81,
2506,Kotmale Butter Salted200G,,61,104,
2507,Goat Milk 190ml,NULL,80,252,
2508,Straw (F) White 100 Ram L,NULL,147,50,
2509,Yeast 125G Mauripan,NULL,188,201,
2510,Bread Compound 01KG,NULL,45,201,
2511,Baby Rusks Farleys 150G,NULL,14,23,
2512,Egg Empty Box,NULL,68,191,
2513,Oil Marina 500ml,NULL,48,137,
2514,Oil Sunflower marina 1L,NULL,48,137,
2515,Sausages Chicken Bockwurst 1Kg Keels,NULL,106,5,
2516,Sausages Chicken catering pak 450g,NULL,23,5,
2517,Badham Drinck Mix,NULL,174,57,
2518,Pampers Pants S 4's,NULL,90,52,
2519,Pampers Pants M 4's,NULL,90,52,
2520,Iodex 05G,NULL,115,250,
2521,Tea Bag English BreakFast 100,NULL,19,240,
2522,Pickle Aachi Buy1 Get1 Free,NULL,171,192,
2523,Milk Coffee 01Kg,NULL,71,240,
2524,Gram Black,NULL,148,57,
2525,car wash,NULL,103,39,
2526,Soya Chi/Rc/Tc 90G,NULL,51,13,
2527,Wraps,NULL,14,125,
2528,Lunch Box Aluminum S,NULL,143,206,
2529,Canned Fish Classic 425g,NULL,137,117,
2530,Wafer 170G,NULL,14,125,
2531,Shampoo 4L Delight,NULL,20,253,
2532,Canned Fish Plaza 425g,NULL,137,12,
2533,Black Olives 230G,NULL,114,30,
2534,Baked Beans Heinz 420G (Catch),,94,121,
2535,Baby Corn 400g (Catch),NULL,94,121,
2536,Mushroom 425G (catch),NULL,94,121,
2537,Turmeric Powder Wijaya 50G,NULL,44,20,
2538,Sesame Oil 300ml Edi,NULL,48,167,
2539,Sesame Oil Edi 650ml,NULL,48,167,
2540,Ice-Cream Vanilla 4L Round,NULL,28,54,
2541,Coconut Oil 750Ml Fortune,NULL,48,156,
2542,Coconut Oil 350Ml Fortune,NULL,48,156,
2543,Gamboge Paste (Goraga) 250G,NULL,35,191,
2544,Ezy Rice,NULL,97,5,
2545,Chili Powder Wijaya 01kg,NULL,44,33,
2546,Sensodyne 150G,,35,250,
2547,Soya Chi/Curry/Pro 55G,NULL,51,212,
2548,TEA WATAWALA 400g,NULL,19,104,
2549,Kome bites 40g,NULL,14,125,
2550,Baby Soap 75*5 Khomba,NULL,17,154,
2551,Baby Soap bye 3 get 1 free Khomba,NULL,17,154,
2552,Canned Fish Diamond 425G,NULL,94,245,
2553,Oatees 100G,NULL,14,125,
2554,Flour Hammer,NULL,56,67,
2555,Samaposha 500G Flour,NULL,135,13,
2556,Turmeric Powder Lucky 500G,NULL,44,136,
2557,Turmeric Powder Lucky 250G,NULL,44,136,
2558,Roasted Curry Powder 250G Wijaya,NULL,44,20,
2559,Lemonade  500Ml,NULL,138,54,
2560,Clorox 250Ml,NULL,103,191,
2561,Yoghurt 80G Ratti.,NULL,29,15,
2562,Chocolate Marie 200G,NULL,14,125,
2564,Tea Bag Dilmah,NULL,118,191,
2565,Chicken Mini kievs 240g,NULL,16,5,
2566,Safe Plus Khomba,Safe Plus Khomba,17,154,
2567,grocery item 1,,149,165,
2568,grocery item 2 d,NULL,137,165,
2569,grocery item 2 c,NULL,137,165,
2570,N.G.P,NULL,97,191,
2571,Sanitizer 50ml,NULL,94,191,
2572,sanitizer 100ml,NULL,94,191,
2573,Noodles red rice 200g,NULL,33,26,
2574,Suriya Keeri 2,NULL,97,191,
2575,Tomato Sauce Prima 200,NULL,52,78,
2576,Tomato Sauce Prima 400G,NULL,54,78,
2577,Surf Excel  250G,NULL,18,123,
2578,Turmeric Powder Ruhunu 50g,NULL,44,43,
2579,String Hopper Flour Ruhunu White,NULL,45,43,
2580,Kurakkan Flour 400G Ruhunu,NULL,45,43,
2581,Signal Value Pack,NULL,21,232,
2582,Lux prom 100*2,NULL,17,123,
2583,Ayush paste,NULL,35,123,
2584,Oil Sunflower 500ml fortun,NULL,48,156,
2585,Tikiri Marie 230g,NULL,14,125,4'79E+12
2586,Chili Powder Kotmale 1kg,NULL,154,31,
2587,Pepper Powder CS 50G,NULL,44,191,
2588,Whisper Regular Choice,NULL,212,52,
2589,Celebration Tin 500G,,14,125,
2590,,,,,
2591,,,,,
2592,choco a nut 50g,NULL,,,4'79E+12
2593,Choco -la 100g,NULL,,,4'79E+12
2594,Popit  20g,NIULL,,,4'79E+12
2595,Sweet Treat  24g (kandos),NULL,,,4'79E+12
2596,Milk choco 10g (kandos),NULL,,,4'79E+12
2597,Creamy Chocolate 100g (kandos),NULL,,,4'79E+12
2598,,,,,
2599,,,,,
2600,,,,,
